Source	Size
file:/shipreq/webapp-client-project/shipreq/webapp/client/project/app/Style.scala	82432
https:/raw.githubusercontent.com/japgolly/scalacss/v0.6.0/scalacss/internal/ValueT.scala	65848
https:/raw.githubusercontent.com/scala/v2.12.10/collection/IndexedSeqOptimized.scala	51961
file:/shipreq/webapp-base-member/shipreq/webapp/base/event/GenericData.scala	50911
file:/shipreq/webapp-base-member/shipreq/webapp/base/text/Parsers.scala	47279
file:/shipreq/webapp-base-member/shipreq/webapp/base/protocol/binary/v1/Rev1.scala	41199
file:/shipreq/webapp-base-member/shipreq/webapp/base/filter/FilterParser.scala	39526
file:/shipreq/webapp-base-member/shipreq/webapp/base/event/Events.scala	39148
file:/shipreq/webapp-client-project/shipreq/webapp/client/project/feature/editor/NewEditor.scala	38689
https:/raw.githubusercontent.com/scala-js/v0.6.32/library/src/main/scala-old-collections/scala/scalajs/js/WrappedArray.scala	38072
file:/shipreq/webapp-base-member/shipreq/webapp/base/data/Field.scala	35503
https:/raw.githubusercontent.com/japgolly/scalacss/v0.6.0/scalacss/internal/Dsl.scala	34265
file:/shipreq/webapp-base-member/shipreq/webapp/base/data/DataProp.scala	33649
https:/raw.githubusercontent.com/japgolly/scalacss/v0.6.0/scalacss/internal/Attrs.scala	32170
file:/shipreq/webapp-base-member/shipreq/webapp/base/data/Requirements.scala	30177
file:/shipreq/webapp-client-project/shipreq/webapp/client/project/app/pages/root/State.scala	28560
file:/shipreq/webapp-base-member/shipreq/webapp/base/protocol/binary/v1/Events.scala	28107
file:/shipreq/webapp-base-member/shipreq/webapp/base/util/ParsingUtil.scala	28086
https:/raw.githubusercontent.com/japgolly/scalacss/v0.6.0/scalacss/internal/CanIUse.scala	27874
https:/raw.githubusercontent.com/scala/v2.12.10/collection/Iterator.scala	27784
file:/shipreq/webapp-base-member/shipreq/webapp/base/protocol/websocket/UpdateConfigCmd.scala	27755
https:/raw.githubusercontent.com/scala-js/v0.6.32/scalalib/overrides/scala/runtime/ScalaRunTime.scala	27467
file:/shipreq/webapp-base-member/shipreq/webapp/base/event/ApplyContentEvent.scala	26725
https:/raw.githubusercontent.com/scala-js/v0.6.32/library/scala/scalajs/runtime/RuntimeLong.scala	25791
file:/shipreq/webapp-base-member/shipreq/webapp/base/issue/Issue.scala	25462
https:/raw.githubusercontent.com/scala/v2.12.10/collection/mutable/ArrayOps.scala	24613
https:/raw.githubusercontent.com/scala/v2.12.10/collection/immutable/Vector.scala	24053
file:/shipreq/webapp-base-member/shipreq/webapp/base/event/ApplyConfigEvent.scala	23663
https:/raw.githubusercontent.com/scala/v2.12.10/collection/TraversableOnce.scala	23128
file:/shipreq/webapp-base-member/shipreq/webapp/base/data/Tags.scala	22959
file://Users/mathias/Documents/projects/parboiled2/parboiled-core/org/parboiled2/Parser.scala	22869
file:/shipreq/webapp-base-member/shipreq/webapp/base/event/RetiredGenericData.scala	21508
https:/raw.githubusercontent.com/scala-js/v0.6.32/library/src/main/scala-old-collections/scala/scalajs/runtime/Compat.scala	21342
https:/raw.githubusercontent.com/scala/v2.12.10/Predef.scala	20461
file:/shipreq/webapp-base-member/shipreq/webapp/base/text/Atom.scala	20334
file:/shipreq/webapp-base/shipreq/webapp/base/ui/semantic/Icon.scala	20288
[unmapped]	20025
https:/raw.githubusercontent.com/scala/v2.12.10/collection/immutable/List.scala	19933
https:/raw.githubusercontent.com/scala/v2.12.10/collection/TraversableLike.scala	19498
https:/raw.githubusercontent.com/scala-js/v0.6.32/javalanglib/java/lang/Character.scala	18970
https:/raw.githubusercontent.com/scala/v2.12.10/Option.scala	18442
file:/shipreq/webapp-base-member/shipreq/webapp/base/protocol/websocket/UpdateContentCmd.scala	18296
file:/shipreq/webapp-client-project/shipreq/webapp/client/project/app/pages/content/reqtable/SavedViewLogic.scala	18054
file:/shipreq/webapp-base-member/shipreq/webapp/base/text/UseCaseStepFlowText.scala	17973
file:/shipreq/webapp-client-project/shipreq/webapp/client/project/app/pages/content/reqtable/ReqTablePage.scala	17442
file:/shipreq/webapp-client-project/shipreq/webapp/client/project/app/pages/content/reqtable/Table.scala	17368
file:/shipreq/webapp-base-member/shipreq/webapp/base/text/Text.scala	17045
file:/shipreq/webapp-base-member/shipreq/webapp/base/protocol/binary/v1/BaseMemberData1.scala	16888
file:/shipreq/webapp-client-project/shipreq/webapp/client/project/feature/create/NewEditor.scala	16737
file:/shipreq/webapp-client-project/shipreq/webapp/client/project/widgets/ReqTypeRulesEditor.scala	16562
file:/shipreq/webapp-client-project/shipreq/webapp/client/project/feature/editor/Feature.scala	16510
file:/shipreq/webapp-base-member/shipreq/webapp/base/event/ApplyEventLib.scala	16000
file:/shipreq/webapp-base-member/shipreq/webapp/base/ui/BaseStyles.scala	15985
file:/shipreq/webapp-client-project/shipreq/webapp/client/project/app/pages/config/fields/FieldConfig.scala	15776
https:/raw.githubusercontent.com/suzaku-io/boopickle/v1.3.1/boopickle/Pickler.scala	15399
https:/raw.githubusercontent.com/scala/v2.12.10/util/hashing/MurmurHash3.scala	14904
file:/shipreq/webapp-base/shipreq/webapp/base/feature/AsyncFeature.scala	14567
https:/raw.githubusercontent.com/japgolly/scalacss/v0.6.0/scalacss/internal/mutable/StyleSheet.scala	14317
file:/shipreq/webapp-base-member/shipreq/webapp/base/data/DataValidators.scala	14211
file:/shipreq/webapp-base-member/shipreq/webapp/base/issue/IssueDetectors.scala	14165
file:/shipreq/webapp-client-project/shipreq/webapp/client/project/feature/editor/FieldKey.scala	14076
file:/shipreq/base-util/shipreq/base/util/VectorTree.scala	14058
[no source]	14020
file:/shipreq/webapp-base-member/shipreq/webapp/base/filter/FilterAlgebra.scala	13984
file://Users/mathias/Documents/projects/parboiled2/parboiled-core/org/parboiled2/ParseError.scala	13802
file:/shipreq/webapp-base/shipreq/webapp/base/validation/Generic.scala	13527
file:/shipreq/webapp-base-member/shipreq/webapp/base/data/ReqTypes.scala	13526
file:/shipreq/webapp-base-member/shipreq/webapp/base/text/TextTypeclass.scala	13156
file:/shipreq/webapp-base-member/shipreq/webapp/base/filter/FilterAst.scala	13009
file:/shipreq/webapp-base-member/shipreq/webapp/base/data/ReqCodes.scala	12921
file:/shipreq/webapp-base-member/shipreq/webapp/base/event/EventSeqSummary.scala	12920
file:/shipreq/webapp-client-project/shipreq/webapp/client/project/widgets/SplitScreenCrud.scala	12827
file:/shipreq/webapp-client-project/shipreq/webapp/client/project/app/pages/content/reqdetail/ReqDetail.scala	12734
file:/shipreq/webapp-client-project/shipreq/webapp/client/project/feature/create/FieldKey.scala	12447
file:/shipreq/webapp-base/shipreq/webapp/base/protocol/websocket/WebSocketClient.scala	12003
file:/shipreq/webapp-client-project/shipreq/webapp/client/project/app/pages/root/LoadedRoot.scala	11974
file:/shipreq/webapp-base-member/shipreq/webapp/base/protocol/binary/v1/BaseMemberData2.scala	11916
file:/shipreq/webapp-base-member/shipreq/webapp/base/data/ProjectConfig.scala	11822
https:/raw.githubusercontent.com/scala-js/v0.6.32/scalalib/overrides-2.12/scala/collection/mutable/ArrayBuilder.scala	11700
https:/raw.githubusercontent.com/japgolly/scalajs-react/v1.6.0/core/component/builder/Lifecycle.scala	11576
https:/raw.githubusercontent.com/scala/v2.12.10/collection/immutable/HashSet.scala	11409
file:/shipreq/webapp-client-project/shipreq/webapp/client/project/widgets/RichTextEditor.scala	11254
file:/shipreq/webapp-client-project/shipreq/webapp/client/project/widgets/ProjectWidgets.scala	11176
https:/raw.githubusercontent.com/scala/v2.12.10/collection/immutable/Set.scala	10980
file:/shipreq/webapp-client-project/shipreq/webapp/client/project/app/pages/config/tags/TagGroupEditor.scala	10959
file:/shipreq/webapp-base/shipreq/webapp/base/ui/semantic/Form.scala	10785
file:/shipreq/webapp-base/shipreq/webapp/base/ui/semantic/Menu.scala	10667
https:/raw.githubusercontent.com/scala-js/v0.6.32/scalalib/overrides-2.12/scala/collection/immutable/RedBlackTree.scala	10549
file:/shipreq/webapp-client-project/shipreq/webapp/client/project/app/pages/config/tags/ApplicableTagEditor.scala	10518
https:/raw.githubusercontent.com/scalaz/scalaz/v7.2.30/core/scalaz/Either.scala	10429
file:/shipreq/webapp-base/shipreq/webapp/base/protocol/binary/v1/BaseData.scala	10365
https:/raw.githubusercontent.com/scala/v2.12.10/collection/immutable/Stream.scala	10336
https:/raw.githubusercontent.com/japgolly/nyaya/v0.9.0/nyaya/prop/Prop.scala	10335
https:/raw.githubusercontent.com/japgolly/nyaya/v0.9.0/nyaya/prop/Eval.scala	10332
file:/shipreq/webapp-client-project/shipreq/webapp/client/project/app/pages/root/ProjectIndex.scala	10211
file:/shipreq/webapp-client-project/shipreq/webapp/client/project/app/pages/root/UnsavedChanges.scala	10043
file:/shipreq/webapp-base-member/shipreq/webapp/base/data/reqtable/SavedViews.scala	9948
https:/raw.githubusercontent.com/japgolly/scalajs-react/v1.6.0/core/vdom/VdomNode.scala	9846
file:/shipreq/webapp-client-project/shipreq/webapp/client/project/app/pages/content/issues/Row.scala	9814
file:/shipreq/webapp-base/shipreq/webapp/base/protocol/ajax/CommonProtocols.scala	9733
file:/shipreq/webapp-base-member/shipreq/webapp/base/protocol/websocket/ProjectSpaProtocols.scala	9697
file:/shipreq/webapp-client-project/shipreq/webapp/client/project/app/pages/config/tags/TagRelationshipEditor.scala	9681
file:/shipreq/base-util/shipreq/base/util/StateEither.scala	9363
file:/shipreq/webapp-client-project/shipreq/webapp/client/project/feature/create/Feature.scala	9347
file:/shipreq/webapp-client-project/shipreq/webapp/client/project/app/pages/content/reqtable/Logic.scala	9329
file:/shipreq/webapp-client-project/shipreq/webapp/client/project/app/pages/config/tags/TagConfig.scala	9286
file:/shipreq/webapp-client-project/shipreq/webapp/client/project/app/pages/config/reqtypes/ReqTypeConfig.scala	9284
https:/raw.githubusercontent.com/scala/v2.12.10/collection/immutable/Map.scala	9276
file:/shipreq/webapp-client-project/shipreq/webapp/client/project/widgets/EditorButtons.scala	9098
file:/shipreq/webapp-base-member/shipreq/webapp/base/text/TextSearch.scala	9035
file:/shipreq/webapp-client-project/shipreq/webapp/client/project/widgets/FilterHelp.scala	8923
[EOLs]	8921
file:/shipreq/webapp-client-project/shipreq/webapp/client/project/app/state/Global.scala	8774
file:/shipreq/webapp-base-member/shipreq/webapp/base/data/Project.scala	8769
file:/shipreq/webapp-base-member/shipreq/webapp/base/feature/PreviewFeature.scala	8757
https:/raw.githubusercontent.com/scala/v2.12.10/math/Ordering.scala	8745
file:/shipreq/webapp-client-project/shipreq/webapp/client/project/app/pages/content/reqtable/SelectionCtrls.scala	8721
file:/shipreq/webapp-base-member/shipreq/webapp/base/sort/Sorter.scala	8698
https:/raw.githubusercontent.com/japgolly/scalacss/v0.6.0/scalacss/internal/Pseudo.scala	8674
https:/raw.githubusercontent.com/japgolly/scalajs-react/v1.6.0/core/Callback.scala	8542
https:/raw.githubusercontent.com/scala-js/v0.6.32/library/scala/scalajs/runtime/RuntimeString.scala	8524
https:/raw.githubusercontent.com/scala/v2.12.10/collection/mutable/WrappedArray.scala	8470
file://Users/mathias/Documents/projects/parboiled2/parboiled-core/org/parboiled2/CharPredicate.scala	8431
file:/shipreq/webapp-client-project/shipreq/webapp/client/project/app/pages/content/reqtable/NewForm.scala	8429
https:/raw.githubusercontent.com/scala-js/v0.6.32/library-aux/scala/runtime/RefTypes.scala	8338
file:/shipreq/base-util/shipreq/base/util/IsoBool.scala	8230
file:/shipreq/webapp-client-project/shipreq/webapp/client/project/app/pages/content/reqtable/Row.scala	8177
https:/raw.githubusercontent.com/japgolly/scalajs-react/v1.6.0/core/CtorType.scala	8161
https:/raw.githubusercontent.com/scala/v2.12.10/collection/immutable/HashMap.scala	8128
file:/shipreq/webapp-client-project/shipreq/webapp/client/project/app/pages/content/reqdetail/Row.scala	8047
file:/shipreq/webapp-client-project/shipreq/webapp/client/project/feature/editor/Editability.scala	7966
https:/raw.githubusercontent.com/scala/v2.12.10/collection/generic/ImmutableSetFactory.scala	7949
https:/raw.githubusercontent.com/scala-js/v0.6.32/scalalib/overrides-2.12/scala/collection/immutable/Range.scala	7862
file:/shipreq/webapp-client-project/shipreq/webapp/client/project/app/pages/config/reqtypes/CustomReqTypeEditor.scala	7843
file:/shipreq/webapp-base/shipreq/webapp/base/protocol/binary/SafePickler.scala	7809
https:/raw.githubusercontent.com/japgolly/microlibs-scala/v2.0/japgolly/microlibs/nonempty/NonEmptyVector.scala	7689
file:/shipreq/webapp-client-project/shipreq/webapp/client/project/app/pages/content/reqtable/Expansions.scala	7598
https:/raw.githubusercontent.com/japgolly/nyaya/v0.9.0/nyaya/prop/Logic.scala	7590
file:/shipreq/webapp-base-member/shipreq/webapp/base/feature/autocomplete/ProjectStrategies.scala	7582
https:/raw.githubusercontent.com/scala-js/v0.6.32/javalanglib/java/lang/Throwables.scala	7522
file:/shipreq/webapp-client-project/shipreq/webapp/client/project/app/pages/config/fields/FieldList.scala	7451
file:/shipreq/webapp-base/shipreq/webapp/base/ui/semantic/Button.scala	7443
file:/shipreq/webapp-base-member/shipreq/webapp/base/data/IdCeilings.scala	7435
file:/shipreq/base-util/shipreq/base/util/MTrie.scala	7268
https:/raw.githubusercontent.com/scala-js/v0.6.32/library/scala/scalajs/runtime/AnonFunctions.scala	7253
file:/shipreq/webapp-base-member/shipreq/webapp/base/data/FieldReqTypeRules.scala	7219
https:/raw.githubusercontent.com/scalaz/scalaz/v7.2.30/core/scalaz/std/AnyVal.scala	7134
file:/shipreq/webapp-base-member/shipreq/webapp/base/text/ProjectText.scala	7130
https:/raw.githubusercontent.com/scala-js/v0.6.32/scalalib/overrides-2.12/scala/reflect/Manifest.scala	7105
file:/shipreq/webapp-base/shipreq/webapp/base/lib/KeyHandler.scala	7034
file:/shipreq/webapp-client-project/shipreq/webapp/client/project/widgets/TagEditor.scala	7030
file:/shipreq/webapp-client-project/shipreq/webapp/client/project/app/pages/root/Routes.scala	7015
https:/raw.githubusercontent.com/japgolly/scalajs-react/v1.6.0/extra/Px.scala	6945
file:/shipreq/webapp-client-project/shipreq/webapp/client/project/widgets/ImplicationEditor.scala	6884
file:/shipreq/webapp-base/shipreq/webapp/base/feature/dragtoreorder/Instance.scala	6862
file:/shipreq/webapp-client-project/shipreq/webapp/client/project/app/pages/root/Layout.scala	6804
https:/raw.githubusercontent.com/japgolly/scalacss/v0.6.0/scalacss/internal/Data.scala	6739
file:/shipreq/webapp-client-project/shipreq/webapp/client/project/app/pages/config_old/shared/Editor.scala	6697
https:/raw.githubusercontent.com/japgolly/scalajs-react/v1.6.0/core/Reusable.scala	6671
file:/shipreq/base-util/shipreq/base/util/PotentialChange.scala	6626
https:/raw.githubusercontent.com/scala-js/v0.6.32/javalanglib/java/lang/Integer.scala	6603
file:/shipreq/webapp-client-project/shipreq/webapp/client/project/app/pages/content/issues/IssuesPage.scala	6525
file:/shipreq/webapp-base/shipreq/webapp/base/ui/semantic/Breadcrumb.scala	6503
file:/shipreq/webapp-client-project/shipreq/webapp/client/project/feature/render/FieldKey.scala	6503
https:/raw.githubusercontent.com/scala/v2.12.10/collection/immutable/IntMap.scala	6492
file:/shipreq/webapp-client-project/shipreq/webapp/client/project/app/pages/config/fields/TagFieldEditor.scala	6471
https:/raw.githubusercontent.com/japgolly/scalacss/v0.6.0/scalacss/internal/Style.scala	6414
https:/raw.githubusercontent.com/japgolly/scalacss/v0.6.0/scalacss/internal/Values.scala	6360
https:/raw.githubusercontent.com/japgolly/scalajs-react/v1.6.0/core/AsyncCallback.scala	6355
file:/shipreq/webapp-base-member/shipreq/webapp/base/ui/Toast.scala	6353
file:/shipreq/webapp-base/shipreq/webapp/base/ui/semantic/Dropdown.scala	6345
https:/raw.githubusercontent.com/scala/v2.12.10/collection/generic/GenericCompanion.scala	6320
file:/shipreq/webapp-client-project/shipreq/webapp/client/project/app/pages/config_old/issues/CustomIssueTypes.scala	6317
file:/shipreq/webapp-base-member/shipreq/webapp/base/data/ProjectContent.scala	6277
https:/raw.githubusercontent.com/scala/v2.12.10/collection/mutable/AnyRefMap.scala	6271
file:/shipreq/webapp-base-member/shipreq/webapp/base/data/reqtable/Column.scala	6266
https:/raw.githubusercontent.com/japgolly/scalajs-react/v1.6.0/extra/router/Dsl.scala	6249
https:/raw.githubusercontent.com/japgolly/scalacss/v0.6.0/scalacss/internal/Attr.scala	6173
file:/shipreq/webapp-client-project/shipreq/webapp/client/project/widgets/UseCaseStepEditor.scala	6147
file:/shipreq/webapp-client-project/shipreq/webapp/client/project/widgets/ViewReq.scala	6135
https:/raw.githubusercontent.com/japgolly/scalajs-react/v1.6.0/core/vdom/Attr.scala	6101
file:/shipreq/webapp-client-project/shipreq/webapp/client/project/widgets/FilterEditor.scala	6067
https:/raw.githubusercontent.com/scala-js/v0.6.32/library/scala/scalajs/runtime/StackTrace.scala	6051
file:/shipreq/webapp-base-member/shipreq/webapp/base/data/DataLogic.scala	5984
file:/shipreq/webapp-client-project/shipreq/webapp/client/project/app/pages/content/reqtable/SavedViewsUI.scala	5921
file:/shipreq/webapp-client-project/shipreq/webapp/client/project/app/pages/content/issues/TableRow.scala	5919
https:/raw.githubusercontent.com/japgolly/scalajs-react/v1.6.0/core/vdom/Implicits.scala	5901
file:/shipreq/webapp-base-member/shipreq/webapp/base/issue/Issues.scala	5870
file:/shipreq/webapp-client-project/shipreq/webapp/client/project/widgets/ReqCodeEditor.scala	5800
file:/shipreq/webapp-base/shipreq/webapp/base/ui/semantic/common.scala	5693
https:/raw.githubusercontent.com/japgolly/scalacss/v0.6.0/scalacss/internal/generated.scala	5683
file:/shipreq/webapp-base-member/shipreq/webapp/base/data/Pubid.scala	5675
file:/shipreq/webapp-base-member/shipreq/webapp/base/protocol/websocket/CreateContentCmd.scala	5665
https:/raw.githubusercontent.com/scala-js/v0.6.32/javalib/java/util/Formatter.scala	5660
file:/shipreq/webapp-client-project/shipreq/webapp/client/project/feature/deletion/DeletionForm.scala	5639
https:/raw.githubusercontent.com/japgolly/scalajs-react/v1.6.0/extra/router/Router.scala	5534
https:/raw.githubusercontent.com/japgolly/scalacss/v0.6.0/scalacss/internal/Renderer.scala	5518
file:/shipreq/webapp-base/shipreq/webapp/base/feature/tablenav/VirtualTable.scala	5495
file:/shipreq/webapp-base-member/shipreq/webapp/base/text/GrammarSpec.scala	5457
file:/shipreq/webapp-client-project/shipreq/webapp/client/project/app/pages/config/fields/ImpFieldEditor.scala	5413
https:/raw.githubusercontent.com/scala-js/v0.6.32/javalib/java/util/regex/GroupStartMapper.scala	5379
https:/raw.githubusercontent.com/scala-js/v0.6.32/tools/scalajsenv.js	5372
file:/shipreq/webapp-client-project/shipreq/webapp/client/project/app/pages/content/issues/Table.scala	5285
file:/shipreq/webapp-client-project/shipreq/webapp/client/project/app/pages/config/fields/TextFieldEditor.scala	5205
file:/shipreq/webapp-base-member/shipreq/webapp/base/data/reqtable/SortCriteria.scala	5200
file:/shipreq/webapp-base-member/shipreq/webapp/base/event/ApplyEvent.scala	5171
file:/shipreq/webapp-client-project/shipreq/webapp/client/project/widgets/RichTextEditorHelp.scala	5146
https:/raw.githubusercontent.com/japgolly/microlibs-scala/v2.0/japgolly/microlibs/utils/StaticLookupFn.scala	5100
file:/shipreq/webapp-base-member/shipreq/webapp/base/text/PlainText.scala	5073
https:/raw.githubusercontent.com/japgolly/microlibs-scala/v2.0/japgolly/microlibs/stdlib_ext/StdlibExt.scala	5059
file:/shipreq/webapp-base-member/shipreq/webapp/base/ui/ProjectItem.scala	5051
https:/raw.githubusercontent.com/scala/v2.12.10/math/Numeric.scala	5014
https:/raw.githubusercontent.com/scala-js/v0.6.32/scalalib/overrides-2.12/scala/collection/immutable/NumericRange.scala	4998
file:/shipreq/webapp-client-project/shipreq/webapp/client/project/app/pages/config_old/shared/EditorExt.scala	4985
https:/raw.githubusercontent.com/scala/v2.12.10/collection/mutable/SetBuilder.scala	4939
file:/shipreq/webapp-base-member/shipreq/webapp/base/data/reqtable/View.scala	4873
file:/shipreq/webapp-base-member/shipreq/webapp/base/data/CustomIssueType.scala	4863
file:/shipreq/webapp-base-member/shipreq/webapp/base/data/SpecialBuiltInField.scala	4854
file:/shipreq/webapp-client-project/shipreq/webapp/client/project/app/pages/config_old/shared/SavedRowStore.scala	4815
file:/shipreq/webapp-base-member/shipreq/webapp/base/lib/ModalForm.scala	4789
file:/shipreq/webapp-base-member/shipreq/webapp/base/lib/KeyboardTheme.scala	4784
file:/shipreq/webapp-base/shipreq/webapp/base/protocol/websocket/WebSocket.scala	4768
https:/raw.githubusercontent.com/japgolly/scalajs-react/v1.6.0/core/vdom/HtmlTags.scala	4746
https:/raw.githubusercontent.com/japgolly/scalajs-react/v1.6.0/core/vdom/HtmlStyles.scala	4739
file:/shipreq/webapp-client-project/shipreq/webapp/client/project/feature/editor/PotentialValue.scala	4672
file:/shipreq/webapp-base/shipreq/webapp/base/protocol/websocket/WebSocketShared.scala	4613
https:/raw.githubusercontent.com/japgolly/scalajs-react/v1.6.0/scalaz-7.2/internal/ScalazReactState.scala	4578
file:/shipreq/webapp-client-project/shipreq/webapp/client/project/widgets/ColourPicker.scala	4569
file:/shipreq/webapp-base-member/shipreq/webapp/base/event/ApplyOtherEvent.scala	4554
file:/shipreq/webapp-client-project/shipreq/webapp/client/project/widgets/ButtonAndDropdown.scala	4498
file:/shipreq/webapp-client-project/shipreq/webapp/client/project/app/pages/config/tags/TagTreeView.scala	4479
file://localhome/doeraene/projects/scalajs-java-time/java/time/temporal/ChronoField.scala	4469
file:/shipreq/webapp-client-project/shipreq/webapp/client/project/feature/editor/RowKey.scala	4469
file:/shipreq/webapp-client-project/shipreq/webapp/client/project/feature/render/Feature.scala	4445
https:/raw.githubusercontent.com/japgolly/scalajs-react/v1.6.0/core/component/builder/Builder.scala	4374
file:/shipreq/webapp-client-ww-api/shipreq/webapp/client/ww/api/Cmd.scala	4373
file:/shipreq/webapp-base-member/shipreq/webapp/base/data/LiveDeadStat.scala	4351
file:/shipreq/webapp-base-member/shipreq/webapp/base/data/Location.scala	4325
file:/shipreq/webapp-client-project/shipreq/webapp/client/project/widgets/ApplicableReqTypeEditor.scala	4323
file:/shipreq/webapp-base/shipreq/webapp/base/feature/tablenav/TableCellZipper.scala	4297
file:/shipreq/webapp-base/shipreq/webapp/base/ui/semantic/Statistic.scala	4296
https:/raw.githubusercontent.com/scala/v2.12.10/collection/IterableViewLike.scala	4276
https:/raw.githubusercontent.com/scala-js/v0.6.32/javalib/java/util/Arrays.scala	4256
file:/shipreq/base-util/shipreq/base/util/Util.scala	4254
https:/raw.githubusercontent.com/scala/v2.12.10/collection/immutable/BitSet.scala	4251
file:/shipreq/webapp-base/shipreq/webapp/base/feature/tablenav/TableNavKeys.scala	4246
file://localhome/doeraene/projects/scalajs-java-time/java/time/LocalDate.scala	4234
file:/shipreq/webapp-client-project/shipreq/webapp/client/project/app/pages/content/reqdetail/UseCaseStepRow.scala	4223
https:/raw.githubusercontent.com/japgolly/scalajs-react/v1.6.0/extra/router/RoutingRules.scala	4223
file:/shipreq/webapp-client-project/shipreq/webapp/client/project/feature/create/RowKey.scala	4209
file:/shipreq/webapp-base-member/shipreq/webapp/base/data/FlatTag.scala	4206
https:/raw.githubusercontent.com/japgolly/scalajs-react/v1.6.0/extra/StateSnapshot.scala	4194
https:/raw.githubusercontent.com/scalaz/scalaz/v7.2.30/core/scalaz/Free.scala	4171
file:/shipreq/webapp-client-project/shipreq/webapp/client/project/app/pages/content/reqdetail/UseCaseStepTree.scala	4133
https:/raw.githubusercontent.com/julien-truffaut/Monocle/v1.6.0/core/monocle/Lens.scala	4126
file:/shipreq/webapp-base-member/shipreq/webapp/base/sort/SortMethod.scala	4115
file:/shipreq/webapp-base/shipreq/webapp/base/feature/EditorStatus.scala	4114
file:/shipreq/webapp-base-member/shipreq/webapp/base/data/AtomScan.scala	4102
file:/shipreq/webapp-base-member/shipreq/webapp/base/event/ProjectTemplate.scala	4096
file:/shipreq/webapp-base-member/shipreq/webapp/base/data/misc.scala	4045
https:/raw.githubusercontent.com/julien-truffaut/Monocle/v1.6.0/core/monocle/Iso.scala	4028
file://localhome/doeraene/projects/scalajs-java-time/java/time/Instant.scala	4014
file:/shipreq/webapp-client-project/shipreq/webapp/client/project/app/pages/content/reqtable/Sorter.scala	4013
file:/shipreq/webapp-base-member/shipreq/webapp/base/protocol/websocket/SavedViewCmd.scala	3988
https:/raw.githubusercontent.com/japgolly/scalajs-react/v1.6.0/extra/router/RouteCmd.scala	3980
https:/raw.githubusercontent.com/scala/v2.12.10/collection/mutable/ListBuffer.scala	3960
file:/shipreq/webapp-client-project/shipreq/webapp/client/project/feature/Selection.scala	3925
https:/raw.githubusercontent.com/japgolly/scalajs-react/v1.6.0/extra/router/RouterConfig.scala	3924
https:/raw.githubusercontent.com/scala/v2.12.10/collection/IterableLike.scala	3919
file:/shipreq/webapp-client-project/shipreq/webapp/client/project/app/pages/root/ReqLookupPrompt.scala	3915
file:/shipreq/webapp-base-member/shipreq/webapp/base/feature/autocomplete/ForComponent.scala	3864
file:/shipreq/webapp-client-project/shipreq/webapp/client/project/widgets/CheckboxList.scala	3846
file:/shipreq/webapp-base/shipreq/webapp/base/feature/tablenav/Movement.scala	3839
https:/raw.githubusercontent.com/japgolly/scalajs-react/v1.6.0/extra/components/TriStateCheckbox.scala	3839
file:/shipreq/base-util/shipreq/base/util/Optics.scala	3829
file:/shipreq/webapp-base-member/shipreq/webapp/base/ui/EditTheme.scala	3801
https:/raw.githubusercontent.com/scala/v2.12.10/collection/Traversable.scala	3789
https:/raw.githubusercontent.com/japgolly/scalacss/v0.6.0/scalacss/internal/mutable/Register.scala	3763
https:/raw.githubusercontent.com/scalaz/scalaz/v7.2.30/core/scalaz/StateT.scala	3758
https:/raw.githubusercontent.com/japgolly/scalajs-react/v1.6.0/core/Reusability.scala	3749
file:/shipreq/webapp-client-project/shipreq/webapp/client/project/feature/deletion/DeletionRestorationLogic.scala	3746
file:/shipreq/webapp-base-member/shipreq/webapp/base/text/Grammar.scala	3722
file:/shipreq/webapp-base/shipreq/webapp/base/feature/tablenav/Logic.scala	3713
https:/raw.githubusercontent.com/scala/v2.12.10/collection/MapLike.scala	3648
file:/shipreq/webapp-client-project/shipreq/webapp/client/project/app/pages/content/issues/Actions.scala	3645
file:/shipreq/webapp-base-member/shipreq/webapp/base/UiText.scala	3629
file:/shipreq/webapp-client-project/shipreq/webapp/client/project/app/pages/config_old/issues/ReqTypeImplication.scala	3617
file:/shipreq/webapp-base-member/shipreq/webapp/base/data/UseCaseStepLabelLookup.scala	3608
file:/shipreq/frontend/dist/prod/scala/AssetManifest.scala	3592
file:/shipreq/webapp-client-project/shipreq/webapp/client/project/app/pages/content/issues/Column.scala	3561
https:/raw.githubusercontent.com/japgolly/nyaya/v0.9.0/nyaya/util/Multimap.scala	3560
https:/raw.githubusercontent.com/japgolly/scalajs-react/v1.6.0/core/component/builder/ViaReactComponent.scala	3535
file:/shipreq/webapp-base/shipreq/webapp/base/feature/ErrorHandlingFeature.scala	3532
file:/shipreq/webapp-base-member/shipreq/webapp/base/ui/FeedbackModal.scala	3528
file:/shipreq/base-util/shipreq/base/util/ConsolidatedSeq.scala	3513
https:/raw.githubusercontent.com/japgolly/scalajs-react/v1.6.0/core/component/Js.scala	3510
https:/raw.githubusercontent.com/scala/v2.12.10/util/Either.scala	3496
https:/raw.githubusercontent.com/scala-js/v0.6.32/scalalib/overrides-2.12/scala/reflect/ClassTag.scala	3483
file:/shipreq/webapp-base/shipreq/webapp/base/feature/tablenav/TablePos.scala	3482
https:/raw.githubusercontent.com/scala/v2.12.10/collection/immutable/TreeSet.scala	3477
file:/shipreq/webapp-base/shipreq/webapp/base/ui/semantic/Header.scala	3462
https:/raw.githubusercontent.com/scala/v2.12.10/collection/immutable/TreeMap.scala	3441
https:/raw.githubusercontent.com/scala/v2.12.10/collection/mutable/HashMap.scala	3418
file:/shipreq/webapp-client-project/shipreq/webapp/client/project/app/pages/config/reqtypes/ReqTypeList.scala	3417
file://localhome/doeraene/projects/scalajs-java-time/java/time/Duration.scala	3388
https:/raw.githubusercontent.com/scala/v2.12.10/collection/IndexedSeqLike.scala	3382
https:/raw.githubusercontent.com/scala/v2.12.10/collection/generic/IndexedSeqFactory.scala	3367
https:/raw.githubusercontent.com/scala-js/v0.6.32/javalib/java/math/BigInteger.scala	3358
file:/shipreq/webapp-base-member/shipreq/webapp/base/ui/ReauthenticationModal.scala	3335
https:/raw.githubusercontent.com/scala/v2.12.10/util/matching/Regex.scala	3321
file:/shipreq/webapp-client-project/shipreq/webapp/client/project/app/pages/config_old/shared/CfgTable.scala	3297
file:/shipreq/webapp-client-project/shipreq/webapp/client/project/widgets/ReqTypeSelector.scala	3292
file:/shipreq/webapp-client-project/shipreq/webapp/client/project/app/pages/config_old/shared/Persistence.scala	3280
https:/raw.githubusercontent.com/japgolly/scalajs-react/v1.6.0/extra/router/RoutingRule.scala	3269
https:/raw.githubusercontent.com/japgolly/scalacss/v0.6.0/scalacss/internal/Compose.scala	3267
https:/raw.githubusercontent.com/scala-js/v0.6.32/javalib/java/util/Throwables.scala	3260
file:/shipreq/webapp-base/shipreq/webapp/base/validation/CommonValidation.scala	3245
file:/shipreq/webapp-base/shipreq/webapp/base/ui/semantic/Popup.scala	3242
https:/raw.githubusercontent.com/suzaku-io/boopickle/v1.3.1/shared/src/main/scala-2.13-/boopickle/XCompat.scala	3235
file:/shipreq/webapp-client-project/shipreq/webapp/client/project/app/pages/config/fields/StaticFieldEditor.scala	3224
file:/shipreq/webapp-base/shipreq/webapp/base/ui/semantic/Message.scala	3209
https:/raw.githubusercontent.com/japgolly/scalacss/v0.6.0/scalacss/internal/CanIUse2.scala	3209
https:/raw.githubusercontent.com/scalaz/scalaz/v7.2.30/core/scalaz/Equal.scala	3189
https:/raw.githubusercontent.com/scala/v2.12.10/collection/SeqLike.scala	3187
file:/shipreq/webapp-base-member/shipreq/webapp/base/feature/autocomplete/Utils.scala	3175
file:/shipreq/webapp-client-project/shipreq/webapp/client/project/feature/deletion/RestorationForm.scala	3174
https:/raw.githubusercontent.com/scala/v2.12.10/collection/immutable/ListSet.scala	3173
https:/raw.githubusercontent.com/scala-js/v0.6.32/javalib/java/nio/Buffer.scala	3164
https:/raw.githubusercontent.com/scala/v2.12.10/collection/immutable/ListMap.scala	3155
https:/raw.githubusercontent.com/japgolly/nyaya/v0.9.0/nyaya/prop/CycleDetector.scala	3115
https:/raw.githubusercontent.com/japgolly/scalajs-react/v1.6.0/core/vdom/HtmlAttrs.scala	3113
https:/raw.githubusercontent.com/scala/v2.12.10/collection/immutable/StringOps.scala	3108
file:/shipreq/webapp-client-project/shipreq/webapp/client/project/app/pages/content/reqdetail/UseCaseStepControls.scala	3093
file:/shipreq/webapp-client-project/shipreq/webapp/client/project/app/pages/config_old/shared/NewRowStore.scala	3083
file:/shipreq/webapp-client-project/shipreq/webapp/client/project/app/pages/content/reqtable/Column.scala	3071
file:/shipreq/webapp-base-member/shipreq/webapp/base/data/ManualIssue.scala	3058
file:/shipreq/webapp-base-member/shipreq/webapp/base/ui/AutosizeInput.scala	3030
file:/shipreq/webapp-base/shipreq/webapp/base/util/CharSubset.scala	3014
https:/raw.githubusercontent.com/scalaz/scalaz/v7.2.30/core/scalaz/Name.scala	3011
file:/shipreq/webapp-base-member/shipreq/webapp/base/ui/MemberNavBar.scala	3005
file:/shipreq/webapp-base-member/shipreq/webapp/base/protocol/websocket/ManualIssueCmd.scala	2998
https:/raw.githubusercontent.com/japgolly/scalacss/v0.6.0/scalacss/internal/Env.scala	2976
https:/raw.githubusercontent.com/suzaku-io/boopickle/v1.3.1/boopickle/CodecSize.scala	2972
file:/shipreq/webapp-base/shipreq/webapp/base/protocol/ajax/AjaxClient.scala	2956
https:/raw.githubusercontent.com/scala/v2.12.10/collection/mutable/ArrayStack.scala	2947
file:/shipreq/webapp-client-project/shipreq/webapp/client/project/app/pages/content/issues/NewIssue.scala	2925
file:/shipreq/webapp-client-project/shipreq/webapp/client/project/widgets/DropdownAndTextEditor.scala	2922
https:/raw.githubusercontent.com/japgolly/scalajs-react/v1.6.0/extra/router/RouterCtl.scala	2912
file:/shipreq/webapp-client-project/shipreq/webapp/client/project/app/pages/content/reqtable/ColumnPlus.scala	2904
file:/shipreq/webapp-client-project/shipreq/webapp/client/project/feature/deletion/SharedUI.scala	2896
https:/raw.githubusercontent.com/scalaz/scalaz/v7.2.30/core/scalaz/std/Stream.scala	2892
file:/shipreq/webapp-client-project/shipreq/webapp/client/project/app/pages/content/reqdetail/Cell.scala	2869
file:/shipreq/webapp-client-project/shipreq/webapp/client/project/widgets/ImplicationGraph.scala	2869
file:/shipreq/webapp-client-project/shipreq/webapp/client/project/app/pages/content/reqtable/SortCriteriaEditor.scala	2868
file:/shipreq/webapp-base-member/shipreq/webapp/base/jsfacade/TextComplete.scala	2845
https:/raw.githubusercontent.com/scala-js/v0.6.32/javalib/java/nio/charset/UTF_8.scala	2838
file://localhome/doeraene/projects/scalajs-java-time/java/time/LocalTime.scala	2821
file:/shipreq/webapp-base/shipreq/webapp/base/lib/DomUtil.scala	2780
https:/raw.githubusercontent.com/scala/v2.12.10/collection/mutable/StringBuilder.scala	2779
file:/shipreq/webapp-client-project/shipreq/webapp/client/project/app/pages/config_old/shared/TypicalStoresAndState.scala	2764
file:/shipreq/webapp-base-member/shipreq/webapp/base/ui/PlainTextEditor.scala	2747
file:/shipreq/webapp-base/shipreq/webapp/base/feature/clipboard/ClipboardKeys.scala	2740
file:/shipreq/base-util/shipreq/base/util/TransitiveClosure.scala	2722
file:/shipreq/webapp-base/shipreq/webapp/base/lib/ValidationUX.scala	2719
file:/shipreq/webapp-base-member/shipreq/webapp/base/filter/Filter.scala	2678
https:/raw.githubusercontent.com/scalaz/scalaz/v7.2.30/core/scalaz/Ordering.scala	2677
file:/shipreq/webapp-client-project/shipreq/webapp/client/project/widgets/DropdownButton.scala	2669
file:/shipreq/base-util/shipreq/base/util/MMTree.scala	2645
file:/shipreq/webapp-base/shipreq/webapp/base/protocol/ServerSideProcInvoker.scala	2627
https:/raw.githubusercontent.com/japgolly/scalajs-react/v1.6.0/core/CallbackOption.scala	2626
file:/shipreq/webapp-client-project/shipreq/webapp/client/project/app/pages/content/reqtable/NewStuff.scala	2624
file://Users/mathias/Documents/projects/parboiled2/parboiled-core/org/parboiled2/ValueStack.scala	2622
https:/raw.githubusercontent.com/japgolly/scalajs-react/v1.6.0/core/vdom/Packages.scala	2602
file:/shipreq/webapp-base/shipreq/webapp/base/protocol/Version.scala	2597
file:/shipreq/webapp-base/shipreq/webapp/base/ui/semantic/Select.scala	2590
https:/raw.githubusercontent.com/japgolly/scalajs-react/v1.6.0/extra/Ajax.scala	2570
https:/raw.githubusercontent.com/japgolly/scalajs-react/v1.6.0/core/Ref.scala	2568
file:/shipreq/webapp-base-member/shipreq/webapp/base/jsfacade/ReactColor.scala	2561
https:/raw.githubusercontent.com/scala-js/v0.6.32/library/src/main/scala-old-collections/scala/scalajs/js/ArrayOps.scala	2544
https:/raw.githubusercontent.com/julien-truffaut/Monocle/v1.6.0/core/monocle/Prism.scala	2540
https:/raw.githubusercontent.com/scala/v2.12.10/collection/mutable/ArrayBuffer.scala	2532
https:/raw.githubusercontent.com/scala/v2.12.10/PartialFunction.scala	2528
https:/raw.githubusercontent.com/japgolly/scalajs-react/v1.6.0/core/vdom/Tag.scala	2518
file:/shipreq/webapp-base-member/shipreq/webapp/base/lib/DataReusability.scala	2516
https:/raw.githubusercontent.com/scala/v2.12.10/collection/Seq.scala	2492
file:/shipreq/webapp-base/shipreq/webapp/base/ui/semantic/package.scala	2489
https:/raw.githubusercontent.com/scalaz/scalaz/v7.2.30/core/scalaz/std/Vector.scala	2487
file:/shipreq/webapp-base-member/shipreq/webapp/base/data/FilterDead.scala	2466
https:/raw.githubusercontent.com/japgolly/scalacss/v0.6.0/ext-react/scalacss/React.scala	2466
file:/shipreq/webapp-client-project/shipreq/webapp/client/project/app/pages/content/reqtable/ColumnSelector.scala	2461
https:/raw.githubusercontent.com/japgolly/nyaya/v0.9.0/nyaya/prop/package.scala	2436
file:/shipreq/webapp-base/shipreq/webapp/base/Urls.scala	2433
file:/shipreq/webapp-base-member/shipreq/webapp/base/event/VerifiedEvent.scala	2415
https:/raw.githubusercontent.com/scala/v2.12.10/collection/immutable/StringLike.scala	2413
https:/raw.githubusercontent.com/scala/v2.12.10/collection/mutable/FlatHashTable.scala	2408
file:/shipreq/webapp-client-project/shipreq/webapp/client/project/feature/RenderFeature.scala	2396
https:/raw.githubusercontent.com/japgolly/microlibs-scala/v2.0/japgolly/microlibs/nonempty/NonEmptySet.scala	2387
https:/raw.githubusercontent.com/japgolly/scalajs-react/v1.6.0/core/vdom/TagMod.scala	2387
https:/raw.githubusercontent.com/scala-js/v0.6.32/javalib/java/util/regex/Pattern.scala	2378
https:/raw.githubusercontent.com/scala/v2.12.10/collection/mutable/HashTable.scala	2341
https:/raw.githubusercontent.com/japgolly/scalajs-react/v1.6.0/extra/router/Urls.scala	2312
https:/raw.githubusercontent.com/scala-js/v0.6.32/javalanglib/java/lang/Math.scala	2306
file:/shipreq/webapp-base/shipreq/webapp/base/feature/DragToReorderFeature.scala	2302
https:/raw.githubusercontent.com/japgolly/scalajs-react/v1.6.0/core/ComponentDom.scala	2300
file://localhome/doeraene/projects/scalajs-java-time/java/time/Month.scala	2297
https:/raw.githubusercontent.com/scala/v2.12.10/collection/LinearSeqOptimized.scala	2266
https:/raw.githubusercontent.com/japgolly/univeq/v1.2.0/japgolly/univeq/package.scala	2260
https:/raw.githubusercontent.com/scala/v2.12.10/math/BigInt.scala	2242
file:/shipreq/base-util/shipreq/base/util/Url.scala	2238
file:/shipreq/webapp-client-project/shipreq/webapp/client/project/widgets/SummaryUI.scala	2237
https:/raw.githubusercontent.com/suzaku-io/boopickle/v1.3.1/boopickle/Default.scala	2231
file:/shipreq/webapp-client-project/shipreq/webapp/client/project/app/state/ProjectState.scala	2227
https:/raw.githubusercontent.com/scala/v2.12.10/concurrent/impl/Promise.scala	2222
file:/shipreq/base-util/shipreq/base/util/Digraph.scala	2211
https:/raw.githubusercontent.com/japgolly/microlibs-scala/v2.0/japgolly/microlibs/recursion/AtomOrComposite.scala	2154
file:/shipreq/webapp-base-member/shipreq/webapp/base/issue/IssueStats.scala	2153
https:/raw.githubusercontent.com/scalaz/scalaz/v7.2.30/core/scalaz/Order.scala	2152
https:/raw.githubusercontent.com/japgolly/scalacss/v0.6.0/scalacss/internal/CssEntry.scala	2118
file:/shipreq/webapp-base-member/shipreq/webapp/base/filter/IntensionalReqSet.scala	2117
file:/shipreq/webapp-client-project/shipreq/webapp/client/project/app/pages/config_old/shared/Editors.scala	2108
https:/raw.githubusercontent.com/scala/v2.12.10/Tuple2.scala	2105
file:/shipreq/base-util/shipreq/base/util/Intersection.scala	2094
file:/shipreq/webapp-client-project/shipreq/webapp/client/project/widgets/ViewReqCache.scala	2089
file:/shipreq/webapp-base/shipreq/webapp/base/validation/Composite.scala	2086
https:/raw.githubusercontent.com/japgolly/microlibs-scala/v2.0/japgolly/microlibs/nonempty/NonEmpty.scala	2085
https:/raw.githubusercontent.com/scala/v2.12.10/util/Try.scala	2083
file:/shipreq/webapp-client-project/shipreq/webapp/client/project/app/pages/content/reqtable/Expansion.scala	2076
file:/shipreq/webapp-client-project/shipreq/webapp/client/project/app/pages/config_old/shared/Deletion.scala	2060
file:/shipreq/webapp-base/shipreq/webapp/base/user/UserData.scala	2043
file:/shipreq/webapp-base-member/shipreq/webapp/base/ui/CodeBlockWithSyntaxHighlighting.scala	2037
file:/shipreq/webapp-client-project/shipreq/webapp/client/project/app/pages/content/issues/Sorter.scala	2035
file:/shipreq/base-util/shipreq/base/util/IMapBase.scala	2030
file:/shipreq/webapp-base-member/shipreq/webapp/base/data/TagFieldDistribution.scala	2028
https:/raw.githubusercontent.com/scala-js/v0.6.32/scalalib/overrides/scala/runtime/BoxesRunTime.scala	1996
https:/raw.githubusercontent.com/scala/v2.12.10/collection/mutable/BitSet.scala	1993
https:/raw.githubusercontent.com/japgolly/scalacss/v0.6.0/scalacss/internal/AVs.scala	1991
file:/shipreq/webapp-base/shipreq/webapp/base/ui/semantic/Input.scala	1989
https:/raw.githubusercontent.com/scala-js/v0.6.32/javalib/java/nio/ByteBuffer.scala	1983
https:/raw.githubusercontent.com/scala/v2.12.10/collection/BitSetLike.scala	1980
https:/raw.githubusercontent.com/scala-js/v0.6.32/javalib/java/util/regex/Matcher.scala	1964
https:/raw.githubusercontent.com/scalaz/scalaz/v7.2.30/core/scalaz/Kleisli.scala	1956
file:/shipreq/webapp-base/shipreq/webapp/base/feature/clipboard/Clipboard.scala	1955
file:/shipreq/webapp-client-project/shipreq/webapp/client/project/lib/EditorNavParent.scala	1953
file:/shipreq/base-util/shipreq/base/util/IMap.scala	1922
https:/raw.githubusercontent.com/japgolly/scalajs-react/v1.6.0/core/internal/Effect.scala	1904
file:/shipreq/base-util/shipreq/base/util/Applicability.scala	1896
file:/shipreq/webapp-client-project/shipreq/webapp/client/project/widgets/UseCaseStepFlowGraph.scala	1895
https:/raw.githubusercontent.com/scala/v2.12.10/collection/immutable/WrappedString.scala	1893
file:/shipreq/webapp-client-project/shipreq/webapp/client/project/lib/Usage.scala	1890
file:/shipreq/webapp-base-member/shipreq/webapp/base/feature/autocomplete/InputComponent.scala	1888
https:/raw.githubusercontent.com/scalaz/scalaz/v7.2.30/core/scalaz/Endo.scala	1888
https:/raw.githubusercontent.com/japgolly/scalacss/v0.6.0/scalacss/internal/StyleLookup.scala	1885
file:/shipreq/webapp-client-project/shipreq/webapp/client/project/app/pages/content/reqtable/PageSummary.scala	1869
https:/raw.githubusercontent.com/japgolly/scalajs-react/v1.6.0/core/vdom/VdomElement.scala	1862
file:/shipreq/webapp-base/shipreq/webapp/base/util/TextMod.scala	1861
file:/shipreq/webapp-client-project/shipreq/webapp/client/project/feature/editor/EditorKeys.scala	1850
https:/raw.githubusercontent.com/japgolly/scalacss/v0.6.0/scalacss/internal/NonEmptyVector.scala	1850
file:/shipreq/base-util/shipreq/base/util/Permission.scala	1849
file:/shipreq/webapp-client-project/shipreq/webapp/client/project/feature/create/Editability.scala	1847
https:/raw.githubusercontent.com/japgolly/scalacss/v0.6.0/scalacss/internal/Cond.scala	1846
file://localhome/doeraene/projects/scalajs-java-time/java/time/temporal/ValueRange.scala	1841
file:/shipreq/webapp-base/shipreq/webapp/base/validation/Uniqueness.scala	1835
file:/shipreq/webapp-base-member/shipreq/webapp/base/data/Colour.scala	1816
file:/shipreq/webapp-base-member/shipreq/webapp/base/lib/TaskRepeater.scala	1815
https:/raw.githubusercontent.com/scala-js/v0.6.32/javalib/java/nio/GenBuffer.scala	1811
https:/raw.githubusercontent.com/japgolly/microlibs-scala/v2.0/japgolly/microlibs/utils/ConciseIntSetFormat.scala	1808
https:/raw.githubusercontent.com/japgolly/scalajs-react/v1.6.0/core/internal/JsUtil.scala	1776
file:/shipreq/webapp-client-project/shipreq/webapp/client/project/feature/deletion/DeleteOrRestore.scala	1747
file:/shipreq/base-util/shipreq/base/util/Validity.scala	1743
https:/raw.githubusercontent.com/japgolly/scalajs-react/v1.6.0/core/component/JsBaseComponentTemplate.scala	1742
file:/shipreq/base-util/shipreq/base/util/Direction.scala	1737
https:/raw.githubusercontent.com/julien-truffaut/Monocle/v1.6.0/core/monocle/Optional.scala	1737
file:/shipreq/webapp-base-member/shipreq/webapp/base/data/DeletionReasons.scala	1735
https:/raw.githubusercontent.com/suzaku-io/boopickle/v1.3.1/boopickle/IdentList.scala	1731
https:/raw.githubusercontent.com/japgolly/scalajs-react/v1.6.0/core/component/Scala.scala	1723
file:/shipreq/webapp-client-project/shipreq/webapp/client/project/app/pages/content/issues/IssueField.scala	1703
file:/shipreq/base-util/shipreq/base/util/TaggedTypes.scala	1699
https:/raw.githubusercontent.com/scalaz/scalaz/v7.2.30/core/scalaz/package.scala	1695
https:/raw.githubusercontent.com/scala/v2.12.10/collection/mutable/HashSet.scala	1694
file:/shipreq/webapp-base/shipreq/webapp/base/data/Enabled.scala	1692
file:/shipreq/webapp-client-project/shipreq/webapp/client/project/app/pages/root/ConnectionStatus.scala	1692
file:/shipreq/webapp-base-member/shipreq/webapp/base/data/ProjectMetaData.scala	1685
file:/shipreq/webapp-client-project/shipreq/webapp/client/project/app/pages/content/issues/Summary.scala	1681
https:/raw.githubusercontent.com/scala-js/v0.6.32/javalib/java/math/Elementary.scala	1679
file:/shipreq/webapp-base-member/shipreq/webapp/base/issue/IssueTracker.scala	1677
https:/raw.githubusercontent.com/japgolly/scalajs-react/v1.6.0/extra/router/Actions.scala	1668
https:/raw.githubusercontent.com/scala-js/v0.6.32/javalib/java/math/Multiplication.scala	1664
https:/raw.githubusercontent.com/scalaz/scalaz/v7.2.30/core/scalaz/std/Option.scala	1661
https:/raw.githubusercontent.com/scalaz/scalaz/v7.2.30/core/scalaz/std/Function.scala	1652
file:/shipreq/webapp-base/shipreq/webapp/base/ui/semantic/Label.scala	1650
https:/raw.githubusercontent.com/japgolly/microlibs-scala/v2.0/japgolly/microlibs/utils/Memo.scala	1649
file:/shipreq/webapp-base-member/shipreq/webapp/base/sort/FusedSorters.scala	1647
file:/shipreq/base-util/shipreq/base/util/OpResult.scala	1641
file:/shipreq/webapp-base-member/shipreq/webapp/base/text/LineCardinality.scala	1635
https:/raw.githubusercontent.com/scala/v2.12.10/util/Sorting.scala	1635
https:/raw.githubusercontent.com/japgolly/scalacss/v0.6.0/scalacss/internal/Css.scala	1633
file:/shipreq/webapp-base-member/shipreq/webapp/base/event/Trust.scala	1630
https:/raw.githubusercontent.com/japgolly/scalajs-react/v1.6.0/core/package.scala	1628
https:/raw.githubusercontent.com/japgolly/univeq/v1.2.0/japgolly/univeq/UnivEq.scala	1618
file:/shipreq/base-util/shipreq/base/util/Exclusivity.scala	1617
file:/shipreq/base-util/shipreq/base/util/GenTuple.scala	1617
https:/raw.githubusercontent.com/scala/v2.12.10/collection/generic/GenMapFactory.scala	1616
file:/shipreq/webapp-base-member/shipreq/webapp/base/data/package.scala	1603
https:/raw.githubusercontent.com/japgolly/scalacss/v0.6.0/scalacss/internal/Domain.scala	1602
file:/shipreq/webapp-base/shipreq/webapp/base/data/On.scala	1597
https:/raw.githubusercontent.com/japgolly/scalajs-react/v1.6.0/core/CallbackKleisli.scala	1595
https:/raw.githubusercontent.com/scalaz/scalaz/v7.2.30/core/scalaz/Traverse.scala	1594
file://localhome/doeraene/projects/scalajs-java-time/java/time/temporal/ChronoUnit.scala	1592
https:/raw.githubusercontent.com/scalaz/scalaz/v7.2.30/core/scalaz/std/List.scala	1591
file:/shipreq/webapp-base/shipreq/webapp/base/user/UserValidators.scala	1587
https:/raw.githubusercontent.com/scala-js/v0.6.32/javalanglib/java/lang/Double.scala	1584
file:/shipreq/webapp-base-member/shipreq/webapp/base/event/EventOrd.scala	1577
file:/shipreq/base-util/shipreq/base/util/LeftRight.scala	1575
https:/raw.githubusercontent.com/japgolly/scalajs-react/v1.6.0/core/component/Template.scala	1568
file:/shipreq/base-util/shipreq/base/util/DeletionMethod.scala	1558
file:/shipreq/webapp-client-project/shipreq/webapp/client/project/app/Main.scala	1556
file:/shipreq/webapp-base/shipreq/webapp/base/feature/dragtoreorder/Status.scala	1549
file:/shipreq/webapp-base-member/shipreq/webapp/base/util/ReqCodeTreeItem.scala	1544
file:/shipreq/webapp-base/shipreq/webapp/base/protocol/Protocol.scala	1537
file:/shipreq/webapp-base-member/shipreq/webapp/base/util/PreProcessing.scala	1525
file:/shipreq/webapp-client-project/shipreq/webapp/client/project/app/pages/config_old/shared/RowStatus.scala	1523
file:/shipreq/webapp-client-project/shipreq/webapp/client/project/widgets/GraphComponent.scala	1519
file:/shipreq/webapp-client-project/shipreq/webapp/client/project/app/pages/config/reqtypes/StaticReqTypeEditor.scala	1516
file:/shipreq/webapp-base/shipreq/webapp/base/ui/semantic/Accordion.scala	1498
https:/raw.githubusercontent.com/japgolly/scalajs-react/v1.6.0/core/component/InspectRaw.scala	1497
file:/shipreq/webapp-client-project/shipreq/webapp/client/project/app/pages/config_old/shared/Fields.scala	1492
file:/shipreq/webapp-base-member/shipreq/webapp/base/ui/TimeAgo.scala	1488
https:/raw.githubusercontent.com/japgolly/scalajs-react/v1.6.0/monocle-scalaz/internal/MonocleExtStateSnapshot.scala	1475
https:/raw.githubusercontent.com/japgolly/scalajs-react/v1.6.0/core/vdom/Builder.scala	1470
file:/shipreq/webapp-client-project/shipreq/webapp/client/project/feature/create/NewEditorArgs.scala	1442
file:/shipreq/webapp-base-member/shipreq/webapp/base/data/Contextualise.scala	1427
file://Users/mathias/Documents/projects/parboiled2/parboiled-core/org/parboiled2/ParserInput.scala	1426
file:/shipreq/webapp-client-project/shipreq/webapp/client/project/app/pages/content/impgraph/ImplicationGraphPage.scala	1424
https:/raw.githubusercontent.com/japgolly/scalajs-react/v1.6.0/core/internal/package.scala	1416
file:/shipreq/webapp-base/shipreq/webapp/base/lib/BaseReusability.scala	1414
https:/raw.githubusercontent.com/japgolly/nyaya/v0.9.0/nyaya/util/package.scala	1413
https:/raw.githubusercontent.com/japgolly/microlibs-scala/v2.0/japgolly/microlibs/stdlib_ext/MutableArray.scala	1394
https:/raw.githubusercontent.com/scala-js/v0.6.32/javalib/java/nio/CharBuffer.scala	1387
file:/shipreq/webapp-base/shipreq/webapp/base/data/Open.scala	1381
https:/raw.githubusercontent.com/scala-js/v0.6.32/library/scala/scalajs/js/UndefOr.scala	1380
file:/shipreq/webapp-client-project/shipreq/webapp/client/project/app/pages/content/issues/TableHeader.scala	1370
file:/shipreq/base-util/shipreq/base/util/SetDiff.scala	1350
file:/shipreq/webapp-base/shipreq/webapp/base/feature/dragtoreorder/DragLoc.scala	1344
file:/shipreq/webapp-client-project/shipreq/webapp/client/project/app/pages/config_old/issues/CfgIssues.scala	1326
file:/shipreq/webapp-client-project/shipreq/webapp/client/project/app/pages/config/reqtypes/Shared.scala	1323
file:/shipreq/base-util/shipreq/base/util/DataLog.scala	1318
https:/raw.githubusercontent.com/scala/v2.12.10/collection/Set.scala	1314
https:/raw.githubusercontent.com/japgolly/scalajs-react/v1.6.0/core/internal/Optics.scala	1310
https:/raw.githubusercontent.com/scala-js/v0.6.32/javalib/java/math/BitLevel.scala	1300
https:/raw.githubusercontent.com/scala-js/v0.6.32/javalib/java/nio/TypedArrayByteBuffer.scala	1293
https:/raw.githubusercontent.com/scala-js/v0.6.32/javalib/java/nio/charset/CharsetDecoder.scala	1293
https:/raw.githubusercontent.com/scala/v2.12.10/collection/TraversableViewLike.scala	1290
file:/shipreq/webapp-base/shipreq/webapp/base/util/CallbackHelpers.scala	1287
file:/shipreq/base-util/shipreq/base/util/Retries.scala	1284
https:/raw.githubusercontent.com/japgolly/scalajs-react/v1.6.0/core/component/builder/EntryPoint.scala	1283
file:/shipreq/webapp-client-ww-api/shipreq/webapp/client/ww/api/Protocol.scala	1282
file:/shipreq/webapp-client-project/shipreq/webapp/client/project/app/pages/config_old/shared/CrudActionIO.scala	1281
https:/raw.githubusercontent.com/suzaku-io/boopickle/v1.3.1/boopickle/BufferPool.scala	1280
file:/shipreq/webapp-base-member/shipreq/webapp/base/data/NaTags.scala	1277
file:/shipreq/webapp-client-project/shipreq/webapp/client/project/app/pages/config_old/shared/SaveNeed.scala	1277
https:/raw.githubusercontent.com/julien-truffaut/Monocle/v1.6.0/core/monocle/Traversal.scala	1272
https:/raw.githubusercontent.com/scala/v2.12.10/collection/mutable/MapBuilder.scala	1272
https:/raw.githubusercontent.com/japgolly/scalacss/v0.6.0/scalacss/internal/package.scala	1267
https:/raw.githubusercontent.com/japgolly/scalajs-react/v1.6.0/core/StateAccess.scala	1265
file:/shipreq/webapp-client-project/shipreq/webapp/client/project/app/state/ChangeListener.scala	1259
file:/shipreq/webapp-client-project/shipreq/webapp/client/project/app/pages/root/ProjectHome.scala	1247
file:/shipreq/webapp-base-member/shipreq/webapp/base/ui/AutosizeTextarea.scala	1246
https:/raw.githubusercontent.com/scala/v2.12.10/collection/generic/GenSetFactory.scala	1246
https:/raw.githubusercontent.com/japgolly/microlibs-scala/v2.0/japgolly/microlibs/utils/BiMap.scala	1243
https:/raw.githubusercontent.com/japgolly/scalajs-react/v1.6.0/extra/router/SetRouteVia.scala	1240
file:/shipreq/webapp-client-ww-api/shipreq/webapp/client/ww/api/Client.scala	1231
file:/shipreq/webapp-client-project/shipreq/webapp/client/project/app/pages/content/reqtable/NewButton.scala	1221
https:/raw.githubusercontent.com/japgolly/scalajs-react/v1.6.0/core/vdom/VdomArray.scala	1221
file:/shipreq/webapp-macro/shipreq/webapp/base/util/GenericData.scala	1198
file:/shipreq/webapp-base/shipreq/webapp/base/validation/Simple.scala	1197
https:/raw.githubusercontent.com/scala-js/v0.6.32/library/scala/scalajs/runtime/Bits.scala	1197
file:/shipreq/webapp-base/shipreq/webapp/base/feature/dragtoreorder/DragState.scala	1196
https:/raw.githubusercontent.com/scala/v2.12.10/collection/mutable/WrappedArrayBuilder.scala	1196
file:/shipreq/webapp-client-project/shipreq/webapp/client/project/widgets/LifeButton.scala	1195
file:/shipreq/webapp-base-member/shipreq/webapp/base/protocol/entrypoint/ProjectSpaEntryPoint.scala	1190
https:/raw.githubusercontent.com/scala/v2.12.10/runtime/RichChar.scala	1189
https:/raw.githubusercontent.com/scala-js/v0.6.32/javalib/java/nio/charset/CoderResult.scala	1188
file:/shipreq/base-util/shipreq/base/util/BinaryData.scala	1174
https:/raw.githubusercontent.com/japgolly/scalacss/v0.6.0/scalacss/internal/StyleA.scala	1162
https:/raw.githubusercontent.com/scala/scala-collection-compat/3d98110108be944bb10302a468a1f5389b05919d/compat/src/main/scala-2.11_2.12/scala/collection/compat/PackageShared.scala	1162
file:/shipreq/base-util/shipreq/base/util/OptionalBoolFn.scala	1160
https:/raw.githubusercontent.com/scala/v2.12.10/collection/mutable/ListMap.scala	1150
https:/raw.githubusercontent.com/scalaz/scalaz/v7.2.30/core/src/main/scala-2.13-/scalaz/std/Map.scala	1145
file:/shipreq/webapp-base-member/shipreq/webapp/base/filter/CompiledFilter.scala	1141
file:/shipreq/webapp-client-project/shipreq/webapp/client/project/app/pages/config_old/shared/package.scala	1133
https:/raw.githubusercontent.com/scalaz/scalaz/v7.2.30/core/scalaz/Applicative.scala	1116
https:/raw.githubusercontent.com/scalaz/scalaz/v7.2.30/core/scalaz/Id.scala	1109
file:/shipreq/webapp-client-project/shipreq/webapp/client/project/app/pages/content/reqtable/TableContentStats.scala	1094
file:/shipreq/webapp-client-project/shipreq/webapp/client/project/widgets/FilterDeadButton.scala	1087
https:/raw.githubusercontent.com/scala/v2.12.10/collection/immutable/TrieIterator.scala	1085
https:/raw.githubusercontent.com/japgolly/scalajs-react/v1.6.0/extra/EventListener.scala	1080
file://Users/lihaoyi/Github/sourcecode/sourcecode/src/sourcecode/SourceContext.scala	1073
https:/raw.githubusercontent.com/scala/v2.12.10/collection/generic/GenTraversableFactory.scala	1073
file:/shipreq/base-util/shipreq/base/util/IndexLabel.scala	1071
https:/raw.githubusercontent.com/milessabin/shapeless/shapeless-2.3.3/core/shapeless/hlists.scala	1066
file:/shipreq/webapp-client-ww-api/shipreq/webapp/client/ww/api/Svg.scala	1064
file:/shipreq/webapp-base-member/shipreq/webapp/base/data/ApplicableReqTypes.scala	1058
https:/raw.githubusercontent.com/japgolly/scalajs-react/v1.6.0/core/component/JsFn.scala	1052
https:/raw.githubusercontent.com/scala-js/v0.6.32/javalib/java/nio/charset/UTF_16_Common.scala	1038
file:/shipreq/base-util/shipreq/base/util/FreeOption.scala	1030
https:/raw.githubusercontent.com/suzaku-io/boopickle/v1.3.1/boopickle/BufferProvider.scala	1027
file:/shipreq/webapp-client-loaders/shipreq/webapp/client/loaders/ProjectSpaLoader.scala	1019
file:/shipreq/webapp-base/shipreq/webapp/base/ui/semantic/Modal.scala	1017
file:/shipreq/webapp-base-member/shipreq/webapp/base/ui/InlineBaseStyles.scala	1016
file:/shipreq/webapp-base/shipreq/webapp/base/validation/Implicits.scala	1013
https:/raw.githubusercontent.com/scala-js/v0.6.32/scalalib/overrides/scala/Array.scala	1013
https:/raw.githubusercontent.com/suzaku-io/boopickle/v1.3.1/boopickle/StringCodec.scala	1011
file:/shipreq/webapp-base-member/shipreq/webapp/base/feature/AutoCompleteFeature.scala	1006
https:/raw.githubusercontent.com/scala-js/v0.6.32/javalib/java/math/Conversion.scala	999
file:/shipreq/webapp-base-member/shipreq/webapp/base/data/ReverseDependencies.scala	996
file:/shipreq/webapp-base-member/shipreq/webapp/base/ui/MemberLayout.scala	992
file:/shipreq/webapp-client-project/shipreq/webapp/client/project/app/pages/root/LoadFailedPage.scala	987
https:/raw.githubusercontent.com/scala-js/v0.6.32/javalib/java/nio/StringCharBuffer.scala	982
https:/raw.githubusercontent.com/scala-js/v0.6.32/javalanglib/java/lang/System.scala	976
https:/raw.githubusercontent.com/scala-js/v0.6.32/library/scala/scalajs/concurrent/QueueExecutionContext.scala	975
https:/raw.githubusercontent.com/scala-js/v0.6.32/javalib/java/math/Division.scala	974
https:/raw.githubusercontent.com/scala/v2.12.10/collection/mutable/Set.scala	967
https:/raw.githubusercontent.com/scala/scala-collection-compat/3d98110108be944bb10302a468a1f5389b05919d/compat/src/main/scala-2.11_2.12/scala/collection/compat/CompatImpl.scala	966
file:/shipreq/webapp-base/shipreq/webapp/base/lib/ClientUtil.scala	963
https:/raw.githubusercontent.com/japgolly/scalajs-react/v1.6.0/core/events.scala	961
file:/shipreq/webapp-base/shipreq/webapp/base/ui/GeneralTheme.scala	959
https:/raw.githubusercontent.com/scala/v2.12.10/collection/Iterable.scala	959
https:/raw.githubusercontent.com/japgolly/scalajs-react/v1.6.0/core/ReactCaughtError.scala	951
file:/shipreq/webapp-client-project/shipreq/webapp/client/project/widgets/SplitScreen.scala	949
https:/raw.githubusercontent.com/scalaz/scalaz/v7.2.30/core/scalaz/Liskov.scala	949
file:/shipreq/webapp-base/shipreq/webapp/base/data/TCB.scala	931
https:/raw.githubusercontent.com/japgolly/scalajs-react/v1.6.0/extra/router/StaticOrDynamic.scala	930
file:/shipreq/webapp-client-project/shipreq/webapp/client/project/app/WebWorkerClient.scala	926
https:/raw.githubusercontent.com/scala/v2.12.10/collection/mutable/Builder.scala	926
file:/shipreq/webapp-client-project/shipreq/webapp/client/project/app/pages/config/tags/Shared.scala	924
file:/shipreq/webapp-base-member/shipreq/webapp/base/jsfacade/MomentJs.scala	922
https:/raw.githubusercontent.com/japgolly/scalajs-react/v1.6.0/core/SetStateFns.scala	920
file:/shipreq/webapp-client-project/shipreq/webapp/client/project/widgets/AbortButton.scala	916
https:/raw.githubusercontent.com/scalaz/scalaz/v7.2.30/core/scalaz/EitherT.scala	913
file:/shipreq/webapp-base-member/shipreq/webapp/base/feature/autocomplete/Implicits.scala	907
file:/shipreq/webapp-base/shipreq/webapp/base/lib/LoggerJs.scala	906
https:/raw.githubusercontent.com/scalaz/scalaz/v7.2.30/core/scalaz/Leibniz.scala	903
https:/raw.githubusercontent.com/scalaz/scalaz/v7.2.30/core/scalaz/syntax/Syntax.scala	903
file:/shipreq/webapp-base/shipreq/webapp/base/data/Obfuscated.scala	885
https:/raw.githubusercontent.com/japgolly/scalajs-react/v1.6.0/core/internal/SyncPromise.scala	880
file:/shipreq/webapp-base-member/shipreq/webapp/base/issue/IssueDetector.scala	860
https:/raw.githubusercontent.com/scala/v2.12.10/collection/immutable/MapLike.scala	850
https:/raw.githubusercontent.com/japgolly/scalajs-react/v1.6.0/scalaz-7.2/internal/ScalazReactInstances.scala	845
file:/shipreq/webapp-base/shipreq/webapp/base/feature/clipboard/ClipboardCodec.scala	844
https:/raw.githubusercontent.com/scala/v2.12.10/collection/immutable/SortedMap.scala	844
https:/raw.githubusercontent.com/japgolly/scalajs-react/v1.6.0/extra/OnUnmount.scala	841
https:/raw.githubusercontent.com/scala-js/v0.6.32/javalib/java/nio/ByteArrayBits.scala	832
https:/raw.githubusercontent.com/japgolly/scalajs-react/v1.6.0/core/StateAccessor.scala	826
https:/raw.githubusercontent.com/japgolly/scalajs-react/v1.6.0/core/vdom/Style.scala	825
https:/raw.githubusercontent.com/scala-js/v0.6.32/javalanglib/java/lang/Class.scala	825
https:/raw.githubusercontent.com/japgolly/nyaya/v0.9.0/nyaya/util/NonEmptyList.scala	821
https:/raw.githubusercontent.com/scala/v2.12.10/collection/LinearSeqLike.scala	821
file:/shipreq/webapp-base-member/shipreq/webapp/base/data/FieldSetRules.scala	812
file:/shipreq/webapp-client-project/shipreq/webapp/client/project/app/pages/config_old/shared/Usage.scala	808
https:/raw.githubusercontent.com/japgolly/scalacss/v0.6.0/scalacss/defaults/PlatformExports.scala	803
https:/raw.githubusercontent.com/japgolly/scalajs-react/v1.6.0/core/feature/ReactFragment.scala	796
https:/raw.githubusercontent.com/japgolly/univeq/v1.2.0/japgolly/univeq/UnivEqScalaz.scala	790
https:/raw.githubusercontent.com/scala-js/v0.6.32/javalib/java/nio/HeapByteBuffer.scala	786
https:/raw.githubusercontent.com/scala-js/v0.6.32/javalib/java/nio/charset/Charset.scala	786
https:/raw.githubusercontent.com/scalaz/scalaz/v7.2.30/core/scalaz/ReaderWriterStateT.scala	780
https:/raw.githubusercontent.com/scala-js/v0.6.32/javalib/java/nio/charset/ISO_8859_1_And_US_ASCII_Common.scala	778
file:/shipreq/webapp-client-project/shipreq/webapp/client/project/app/pages/config/tags/TagPalette.scala	774
https:/raw.githubusercontent.com/suzaku-io/boopickle/v1.3.1/boopickle/StringCodecBase.scala	772
https:/raw.githubusercontent.com/japgolly/nyaya/v0.9.0/nyaya/util/Util.scala	767
file:/shipreq/webapp-base/shipreq/webapp/base/feature/tablenav/TableStyle.scala	766
https:/raw.githubusercontent.com/scalaz/scalaz/v7.2.30/core/scalaz/Map.scala	765
https:/raw.githubusercontent.com/japgolly/scalajs-react/v1.6.0/core/internal/OptionLike.scala	751
https:/raw.githubusercontent.com/scala-js/v0.6.32/javalanglib/java/lang/StackTraceElement.scala	745
file:/shipreq/webapp-client-project/shipreq/webapp/client/project/app/pages/content/reqtable/package.scala	732
https:/raw.githubusercontent.com/scala-js/v0.6.32/javalanglib/java/lang/Long.scala	728
https:/raw.githubusercontent.com/scala/v2.12.10/collection/Map.scala	718
file:/shipreq/base-util/shipreq/base/util/JsExt.scala	717
file:/shipreq/base-util/shipreq/base/util/VarJs.scala	714
https:/raw.githubusercontent.com/scala/v2.12.10/runtime/AbstractPartialFunction.scala	714
https:/raw.githubusercontent.com/scala/v2.12.10/Function1.scala	713
https:/raw.githubusercontent.com/scala-js/v0.6.32/javalanglib/java/lang/StringBuilder.scala	712
file:/shipreq/webapp-client-project/shipreq/webapp/client/project/widgets/HelpModal.scala	707
file:/shipreq/webapp-base-member/shipreq/webapp/base/data/ProjectApplicability.scala	703
https:/raw.githubusercontent.com/scala-js/v0.6.32/library-aux/scala/runtime/Statics.scala	703
https:/raw.githubusercontent.com/japgolly/scalajs-react/v1.6.0/extra/Listenable.scala	702
file:/shipreq/webapp-client-project/shipreq/webapp/client/project/app/TestMarker.scala	701
https:/raw.githubusercontent.com/japgolly/scalajs-react/v1.6.0/core/internal/Singleton.scala	698
file:/shipreq/webapp-base-member/shipreq/webapp/base/event/ProjectAndOrd.scala	690
https:/raw.githubusercontent.com/japgolly/scalajs-react/v1.6.0/core/internal/JsRepr.scala	688
file:/shipreq/webapp-base/shipreq/webapp/base/feature/TableNavigationFeature.scala	686
file:/shipreq/webapp-client-project/shipreq/webapp/client/project/app/pages/config_old/shared/TypicalSupp.scala	683
https:/raw.githubusercontent.com/scala-js/scala-js-dom/v0.9.8/org/scalajs/dom/package.scala	680
https:/raw.githubusercontent.com/scalaz/scalaz/v7.2.30/core/scalaz/std/String.scala	672
file:/shipreq/webapp-base/shipreq/webapp/base/util/Reorder.scala	668
https:/raw.githubusercontent.com/scalaz/scalaz/v7.2.30/core/scalaz/Semigroup.scala	666
https:/raw.githubusercontent.com/japgolly/microlibs-scala/v2.0/japgolly/microlibs/utils/Utils.scala	662
file:/shipreq/base-util/shipreq/base/util/ScalaExt.scala	660
file:/shipreq/webapp-client-project/shipreq/webapp/client/project/app/state/NewEvents.scala	659
https:/raw.githubusercontent.com/scala-js/v0.6.32/scalalib/overrides-2.12/scala/package.scala	658
https:/raw.githubusercontent.com/scalaz/scalaz/v7.2.30/core/scalaz/Functor.scala	656
file:/shipreq/webapp-base/shipreq/webapp/base/ClientResources.scala	639
file:/shipreq/webapp-base/shipreq/webapp/base/protocol/binary/UnsupportedVersionException.scala	634
https:/raw.githubusercontent.com/scalaz/scalaz/v7.2.30/core/scalaz/syntax/package.scala	624
https:/raw.githubusercontent.com/scala/v2.12.10/collection/generic/GenSeqFactory.scala	616
https:/raw.githubusercontent.com/japgolly/scalajs-react/v1.6.0/core/component/ScalaFn.scala	603
https:/raw.githubusercontent.com/scala/v2.12.10/collection/IndexedSeq.scala	602
https:/raw.githubusercontent.com/scalaz/scalaz/v7.2.30/core/scalaz/Foldable.scala	601
file:/shipreq/webapp-base/shipreq/webapp/base/util/GoogleAnalytics.scala	584
file:/shipreq/webapp-base/shipreq/webapp/base/lib/ConfirmJs.scala	581
https:/raw.githubusercontent.com/japgolly/scalacss/v0.6.0/scalacss/internal/Media.scala	580
https:/raw.githubusercontent.com/scala/v2.12.10/Tuple4.scala	580
file:/shipreq/base-util/shipreq/base/util/RomanNumeral.scala	574
https:/raw.githubusercontent.com/scalaz/scalaz/v7.2.30/core/scalaz/Tag.scala	572
https:/raw.githubusercontent.com/scala/v2.12.10/runtime/RichBoolean.scala	571
file:/shipreq/webapp-base-member/shipreq/webapp/base/jsfacade/ReactCollapse.scala	570
https:/raw.githubusercontent.com/scala-js/v0.6.32/javalanglib/java/lang/StringBuffer.scala	566
https:/raw.githubusercontent.com/scala/v2.12.10/runtime/NonLocalReturnControl.scala	566
https:/raw.githubusercontent.com/scala-js/v0.6.32/javalib/java/nio/charset/CodingErrorAction.scala	563
https:/raw.githubusercontent.com/scala/v2.12.10/collection/generic/SortedSetFactory.scala	555
file:/shipreq/webapp-base/shipreq/webapp/base/ui/NoContentMessage.scala	554
https:/raw.githubusercontent.com/scala/v2.12.10/Tuple3.scala	554
file:/shipreq/base-util/shipreq/base/util/BinaryJs.scala	553
https:/raw.githubusercontent.com/scalaz/scalaz/v7.2.30/core/scalaz/Isomorphism.scala	549
file:/shipreq/base-util/shipreq/base/util/RelPos.scala	546
file:/shipreq/webapp-client-project/shipreq/webapp/client/project/feature/Modal.scala	546
file:/shipreq/webapp-client-project/shipreq/webapp/client/project/lib/DataReusability.scala	545
file:/shipreq/webapp-client-project/shipreq/webapp/client/project/widgets/Widgets.scala	539
https:/raw.githubusercontent.com/scala/v2.12.10/math/Integral.scala	538
https:/raw.githubusercontent.com/scalaz/scalaz/v7.2.30/core/scalaz/syntax/SemigroupSyntax.scala	538
https:/raw.githubusercontent.com/japgolly/microlibs-scala/v2.0/japgolly/microlibs/utils/PlatformJS.scala	534
https:/raw.githubusercontent.com/scala-js/v0.6.32/javalib/java/nio/ByteOrder.scala	534
https:/raw.githubusercontent.com/scala-js/v0.6.32/library/scala/scalajs/js/package.scala	534
file://localhome/doeraene/projects/scalajs-java-time/java/time/chrono/IsoChronology.scala	532
https:/raw.githubusercontent.com/scala/v2.12.10/collection/mutable/ResizableArray.scala	530
https:/raw.githubusercontent.com/japgolly/scalacss/v0.6.0/scalacss/package.scala	529
https:/raw.githubusercontent.com/japgolly/scalajs-react/v1.6.0/extra/router/Resolution.scala	529
https:/raw.githubusercontent.com/scala-js/v0.6.32/library/scala/scalajs/js/JavaScriptException.scala	527
https:/raw.githubusercontent.com/japgolly/microlibs-scala/v2.0/shared/src/main/scala-2.12/japgolly/microlibs/stdlib_ext/StdlibSpecific.scala	524
https:/raw.githubusercontent.com/scala-js/v0.6.32/javalib/java/nio/HeapCharBuffer.scala	518
https:/raw.githubusercontent.com/scala/v2.12.10/collection/SetLike.scala	518
https:/raw.githubusercontent.com/scalaz/scalaz/v7.2.30/core/scalaz/Foldable1.scala	517
https:/raw.githubusercontent.com/scala/v2.12.10/collection/GenSetLike.scala	516
file:/shipreq/webapp-client-project/shipreq/webapp/client/project/lib/TextEditor.scala	515
file:/shipreq/base-util/shipreq/base/util/JsTimers.scala	513
file:/shipreq/webapp-base-member/shipreq/webapp/base/protocol/binary/v1/PostEvents.scala	512
file:/shipreq/webapp-base/shipreq/webapp/base/protocol/ajax/CommonProtocolsJs.scala	508
https:/raw.githubusercontent.com/scala/v2.12.10/collection/immutable/Seq.scala	499
https:/raw.githubusercontent.com/scala/v2.12.10/collection/immutable/Iterable.scala	498
https:/raw.githubusercontent.com/scala-js/v0.6.32/library/src/main/scala-old-collections/scala/scalajs/js/WrappedDictionary.scala	495
file:/shipreq/webapp-base-member/shipreq/webapp/base/util/Must.scala	491
https:/raw.githubusercontent.com/scala-js/scala-js-dom/v0.9.8/org/scalajs/dom/ext/Extensions.scala	491
file:/shipreq/webapp-client-project/shipreq/webapp/client/project/app/pages/config/fields/Shared.scala	490
file:/shipreq/webapp-client-loaders/shipreq/webapp/client/loaders/Loader.scala	483
https:/raw.githubusercontent.com/japgolly/scalajs-react/v1.6.0/core/vdom/Exports.scala	478
https:/raw.githubusercontent.com/scala/v2.12.10/collection/mutable/Map.scala	478
https:/raw.githubusercontent.com/scala/v2.12.10/MatchError.scala	475
https:/raw.githubusercontent.com/japgolly/scalajs-react/v1.6.0/core/internal/Semigroup.scala	471
file:/shipreq/webapp-base/shipreq/webapp/base/lib/ReactKeyGen.scala	469
https:/raw.githubusercontent.com/suzaku-io/boopickle/v1.3.1/boopickle/IdentMap.scala	467
https:/raw.githubusercontent.com/scala/v2.12.10/collection/immutable/LinearSeq.scala	466
https:/raw.githubusercontent.com/japgolly/microlibs-scala/v2.0/japgolly/microlibs/recursion/RecursionFn.scala	464
https:/raw.githubusercontent.com/japgolly/scalajs-react/v1.6.0/scalaz-7.2/ScalazReact.scala	458
file://localhome/doeraene/projects/scalajs-java-time/java/time/Preconditions.scala	455
file:/shipreq/webapp-base/shipreq/webapp/base/protocol/entrypoint/ClientSideProc.scala	451
file:/shipreq/base-util/shipreq/base/util/ErrorMsg.scala	450
https:/raw.githubusercontent.com/japgolly/microlibs-scala/v2.0/japgolly/microlibs/recursion/Fix.scala	447
file://Users/mathias/Documents/projects/parboiled2/parboiled-core/org/parboiled2/Rule.scala	445
https:/raw.githubusercontent.com/scala/v2.12.10/math/ScalaNumericConversions.scala	440
file:/shipreq/webapp-base-member/shipreq/webapp/base/jsfacade/ScrollIntoViewIfNeeded.scala	439
https:/raw.githubusercontent.com/japgolly/scalajs-react/v1.6.0/extra/Broadcaster.scala	438
https:/raw.githubusercontent.com/scala-js/v0.6.32/javalib/java/nio/charset/US_ASCII.scala	433
https:/raw.githubusercontent.com/scala-js/v0.6.32/javalib/java/util/ScalaOps.scala	430
https:/raw.githubusercontent.com/scala-js/v0.6.32/javalib/java/nio/charset/ISO_8859_1.scala	426
https:/raw.githubusercontent.com/scala/v2.12.10/collection/generic/SliceInterval.scala	425
https:/raw.githubusercontent.com/japgolly/scalajs-react/v1.6.0/core/component/Generic.scala	424
https:/raw.githubusercontent.com/scala-js/v0.6.32/javalib/java/nio/GenHeapBuffer.scala	421
https:/raw.githubusercontent.com/scala/v2.12.10/collection/mutable/Iterable.scala	414
file://localhome/doeraene/projects/scalajs-java-time/java/time/Constants.scala	413
https:/raw.githubusercontent.com/suzaku-io/boopickle/v1.3.1/boopickle/TuplePicklers.scala	413
https:/raw.githubusercontent.com/scala/v2.12.10/collection/immutable/IndexedSeq.scala	411
https:/raw.githubusercontent.com/scala/v2.12.10/collection/mutable/DefaultEntry.scala	410
https:/raw.githubusercontent.com/scala-js/v0.6.32/library/src/main/scala-old-collections/scala/scalajs/js/JSConverters.scala	409
https:/raw.githubusercontent.com/scala/v2.12.10/collection/mutable/LazyBuilder.scala	405
https:/raw.githubusercontent.com/japgolly/scalajs-react/v1.6.0/extra/router/package.scala	403
https:/raw.githubusercontent.com/scalaz/scalaz/v7.2.30/core/scalaz/Bind.scala	399
file:/shipreq/webapp-base/shipreq/webapp/base/util/Browser.scala	398
https:/raw.githubusercontent.com/japgolly/scalacss/v0.6.0/scalacss/internal/mutable/Mutex.scala	396
https:/raw.githubusercontent.com/scala/v2.12.10/collection/mutable/GrowingBuilder.scala	396
https:/raw.githubusercontent.com/scala/v2.12.10/collection/SeqExtractors.scala	393
file://localhome/doeraene/projects/scalajs-java-time/java/time/temporal/TemporalAccessor.scala	389
file:/shipreq/webapp-base/shipreq/webapp/base/WebappConfig.scala	389
https:/raw.githubusercontent.com/julien-truffaut/Monocle/v1.6.0/core/monocle/std/Option.scala	386
https:/raw.githubusercontent.com/scala/v2.12.10/util/control/Breaks.scala	386
file://Users/mathias/Documents/projects/parboiled2/parboiled-core/org/parboiled2/RuleDSLBasics.scala	378
https:/raw.githubusercontent.com/scala/v2.12.10/collection/package.scala	376
file:/shipreq/webapp-client-project/shipreq/webapp/client/project/widgets/NoFilterResults.scala	374
https:/raw.githubusercontent.com/scala/v2.12.10/collection/TraversableView.scala	373
https:/raw.githubusercontent.com/japgolly/scalajs-react/v1.6.0/core/internal/Box.scala	370
https:/raw.githubusercontent.com/japgolly/scalajs-react/v1.6.0/monocle-scalaz/internal/MonocleExtComponent.scala	370
file:/shipreq/webapp-client-project/shipreq/webapp/client/project/feature/EditorFeature.scala	368
https:/raw.githubusercontent.com/scala-js/v0.6.32/library/scala/scalajs/runtime/package.scala	366
https:/raw.githubusercontent.com/scalaz/scalaz/v7.2.30/core/scalaz/Apply.scala	364
https:/raw.githubusercontent.com/japgolly/scalajs-react/v1.6.0/monocle-scalaz/MonocleReact.scala	363
https:/raw.githubusercontent.com/scalaz/scalaz/v7.2.30/core/scalaz/syntax/EqualSyntax.scala	358
https:/raw.githubusercontent.com/suzaku-io/boopickle/v1.3.1/boopickle/Constants.scala	358
https:/raw.githubusercontent.com/scala/v2.12.10/Function2.scala	354
file:/shipreq/webapp-base/shipreq/webapp/base/ui/semantic/Segment.scala	352
https:/raw.githubusercontent.com/scala-js/v0.6.32/javalib/java/nio/charset/UTF_16BE.scala	351
file:/shipreq/webapp-client-project/shipreq/webapp/client/project/app/pages/config_old/shared/SimpleEditor.scala	345
https:/raw.githubusercontent.com/scalaz/scalaz/v7.2.30/core/scalaz/Monad.scala	341
file:/shipreq/webapp-base-member/shipreq/webapp/base/data/ReqData.scala	340
https:/raw.githubusercontent.com/scala-js/v0.6.32/javalib/java/nio/charset/UTF_16LE.scala	339
file:/shipreq/webapp-base/shipreq/webapp/base/ui/semantic/Table.scala	330
file:/shipreq/base-util/shipreq/base/util/OptionalConflict.scala	329
https:/raw.githubusercontent.com/scala-js/v0.6.32/library/scala/scalajs/js/ArrayOpsCommon.scala	326
https:/raw.githubusercontent.com/scala-js/v0.6.32/library/scala/scalajs/concurrent/RunNowExcecutionContext.scala	325
file:/shipreq/webapp-client-project/shipreq/webapp/client/project/app/pages/config/tags/NoTags.scala	324
https:/raw.githubusercontent.com/scalaz/scalaz/v7.2.30/core/scalaz/Traverse1.scala	323
file:/shipreq/webapp-base/shipreq/webapp/base/util/Accessibility.scala	321
https:/raw.githubusercontent.com/scala-js/v0.6.32/javalib/java/nio/charset/UTF_16.scala	319
https:/raw.githubusercontent.com/japgolly/scalajs-react/v1.6.0/extra/TimerSupport.scala	318
file:/shipreq/base-util/shipreq/base/util/PlatformExt.scala	316
https:/raw.githubusercontent.com/japgolly/scalacss/v0.6.0/scalacss/internal/Need.scala	316
https:/raw.githubusercontent.com/japgolly/scalajs-react/v1.6.0/extra/internal/LazyVar.scala	312
https:/raw.githubusercontent.com/scala-js/v0.6.32/javalanglib/java/lang/Enum.scala	312
https:/raw.githubusercontent.com/scala/v2.12.10/collection/immutable/Traversable.scala	311
https:/raw.githubusercontent.com/scala/v2.12.10/collection/mutable/IndexedSeq.scala	310
file:/shipreq/webapp-client-project/shipreq/webapp/client/project/feature/CreateFeature.scala	308
file://Users/mathias/Documents/projects/parboiled2/parboiled-core/org/parboiled2/package.scala	305
https:/raw.githubusercontent.com/scala/v2.12.10/util/hashing/package.scala	305
https:/raw.githubusercontent.com/japgolly/microlibs-scala/v2.0/japgolly/microlibs/recursion/Recursion.scala	304
file:/shipreq/webapp-client-project/shipreq/webapp/client/project/feature/DeletionFeature.scala	300
file://localhome/doeraene/projects/scalajs-java-time/java/time/Year.scala	299
file:/shipreq/base-util/shipreq/base/util/Identity.scala	298
https:/raw.githubusercontent.com/scala/v2.12.10/collection/LinearSeq.scala	295
https:/raw.githubusercontent.com/scala/v2.12.10/runtime/LazyRef.scala	292
https:/raw.githubusercontent.com/scala-js/v0.6.32/scalalib/overrides-2.12/scala/concurrent/ExecutionContext.scala	290
https:/raw.githubusercontent.com/scala/v2.12.10/util/control/NonFatal.scala	290
https:/raw.githubusercontent.com/scala/v2.12.10/collection/SortedMapLike.scala	288
https:/raw.githubusercontent.com/scala/v2.12.10/math/Ordered.scala	288
file:/shipreq/webapp-base-member/shipreq/webapp/base/jsfacade/TinyColor.scala	282
https:/raw.githubusercontent.com/scala-js/v0.6.32/library/scala/scalajs/js/timers/package.scala	282
https:/raw.githubusercontent.com/scalaz/scalaz/v7.2.30/core/scalaz/Composition.scala	282
https:/raw.githubusercontent.com/japgolly/scalajs-react/v1.6.0/core/vdom/Namespace.scala	281
https:/raw.githubusercontent.com/scalaz/scalaz/v7.2.30/core/scalaz/syntax/std/Function2Ops.scala	281
https:/raw.githubusercontent.com/japgolly/scalajs-react/v1.6.0/core/ReactDOMServer.scala	280
file:/shipreq/webapp-base/shipreq/webapp/base/protocol/entrypoint/ClientSideProcImpl.scala	279
file:/shipreq/webapp-base/shipreq/webapp/base/ui/semantic/JQuery.scala	277
https:/raw.githubusercontent.com/scala/v2.12.10/collection/GenMapLike.scala	277
https:/raw.githubusercontent.com/scalaz/scalaz/v7.2.30/core/scalaz/syntax/TraverseSyntax.scala	274
https:/raw.githubusercontent.com/scala-js/v0.6.32/javalib/java/util/concurrent/atomic/AtomicInteger.scala	271
https:/raw.githubusercontent.com/scala/v2.12.10/collection/GenSeqLike.scala	269
https:/raw.githubusercontent.com/scala/v2.12.10/sys/package.scala	269
https:/raw.githubusercontent.com/scala-js/v0.6.32/scalalib/overrides-2.12/scala/collection/mutable/Buffer.scala	267
file://Users/mathias/Documents/projects/parboiled2/parboiled-core/org/parboiled2/support/Unpack.scala	265
https:/raw.githubusercontent.com/scala/v2.12.10/collection/mutable/MapLike.scala	264
https:/raw.githubusercontent.com/scala-js/v0.6.32/scalalib/overrides/scala/util/control/NoStackTrace.scala	262
https:/raw.githubusercontent.com/scala/v2.12.10/collection/IterableView.scala	262
https:/raw.githubusercontent.com/scala-js/v0.6.32/javalib/java/nio/charset/MalformedInputException.scala	261
https:/raw.githubusercontent.com/scala-js/v0.6.32/javalib/java/nio/charset/UnmappableCharacterException.scala	261
https:/raw.githubusercontent.com/scalaz/scalaz/v7.2.30/core/scalaz/syntax/Traverse1Syntax.scala	261
https:/raw.githubusercontent.com/scala-js/v0.6.32/library/scala/scalajs/js/JSNumberOps.scala	260
file:/shipreq/base-util/shipreq/base/util/univeq/package.scala	259
https:/raw.githubusercontent.com/scala/v2.12.10/collection/immutable/SortedSet.scala	259
file:/shipreq/webapp-base/shipreq/webapp/base/feature/clipboard/ClipboardJs.scala	255
file:/shipreq/webapp-base-member/shipreq/webapp/base/package.scala	254
https:/raw.githubusercontent.com/scala/v2.12.10/reflect/NoManifest.scala	253
https:/raw.githubusercontent.com/japgolly/microlibs-scala/v2.0/japgolly/microlibs/utils/package.scala	252
https:/raw.githubusercontent.com/scala-js/v0.6.32/javalanglib/java/lang/reflect/Array.scala	251
https:/raw.githubusercontent.com/scalaz/scalaz/v7.2.30/core/scalaz/Monoid.scala	251
https:/raw.githubusercontent.com/japgolly/nyaya/v0.9.0/shared/src/main/scala-2.12/nyaya/util/ScalaVerSpecificUtil.scala	245
https:/raw.githubusercontent.com/scala/scala-collection-compat/3d98110108be944bb10302a468a1f5389b05919d/compat/src/main/scala-2.12/scala/collection/compat/package.scala	243
file:/shipreq/webapp-client-project/shipreq/webapp/client/project/feature/render/RowKey.scala	242
file:/shipreq/webapp-client-project/shipreq/webapp/client/project/app/pages/content/issues/package.scala	238
https:/raw.githubusercontent.com/scalaz/scalaz/v7.2.30/core/scalaz/Tags.scala	238
file:/shipreq/base-util/shipreq/base/util/SafeStringOps.scala	234
https:/raw.githubusercontent.com/scala/v2.12.10/collection/generic/Sorted.scala	234
https:/raw.githubusercontent.com/scalaz/scalaz/v7.2.30/core/scalaz/syntax/FoldableSyntax.scala	234
https:/raw.githubusercontent.com/japgolly/microlibs-scala/v2.0/japgolly/microlibs/recursion/package.scala	230
https:/raw.githubusercontent.com/scala/v2.12.10/collection/generic/Growable.scala	229
https:/raw.githubusercontent.com/scala/v2.12.10/runtime/AbstractFunction1.scala	228
https:/raw.githubusercontent.com/scala/v2.12.10/reflect/ClassManifestDeprecatedApis.scala	226
https:/raw.githubusercontent.com/scala-js/v0.6.32/javalib/java/util/concurrent/atomic/AtomicReference.scala	223
https:/raw.githubusercontent.com/scala-js/v0.6.32/library/scala/scalajs/concurrent/JSExecutionContext.scala	223
https:/raw.githubusercontent.com/scala/v2.12.10/reflect/package.scala	223
https:/raw.githubusercontent.com/japgolly/scalajs-react/v1.6.0/core/React.scala	222
https:/raw.githubusercontent.com/scala/v2.12.10/runtime/RichLong.scala	221
file://localhome/doeraene/projects/scalajs-java-time/java/time/chrono/AbstractChronology.scala	216
https:/raw.githubusercontent.com/scala-js/v0.6.32/javalib/java/io/PrintStream.scala	209
file://localhome/doeraene/projects/scalajs-java-time/java/time/DateTimeException.scala	206
https:/raw.githubusercontent.com/japgolly/scalajs-react/v1.6.0/core/component/JsForwardRef.scala	206
https:/raw.githubusercontent.com/scala/v2.12.10/math/Equiv.scala	203
https:/raw.githubusercontent.com/scala/scala-collection-compat/3d98110108be944bb10302a468a1f5389b05919d/compat/src/main/scala-2.11_2.12/scala/collection/compat/BuildFrom.scala	202
https:/raw.githubusercontent.com/scala-js/v0.6.32/javalib/java/nio/charset/CharacterCodingException.scala	201
https:/raw.githubusercontent.com/scala-js/v0.6.32/library/scala/scalajs/js/Union.scala	200
https:/raw.githubusercontent.com/scala/v2.12.10/math/Fractional.scala	200
https:/raw.githubusercontent.com/japgolly/univeq/v1.2.0/shared/src/main/scala-2.12/ScalaUnivEq.scala	199
https:/raw.githubusercontent.com/japgolly/scalajs-react/v1.6.0/core/feature/Context.scala	196
https:/raw.githubusercontent.com/japgolly/scalajs-react/v1.6.0/core/vdom/ReactPortal.scala	196
https:/raw.githubusercontent.com/japgolly/scalajs-react/v1.6.0/core/component/ScalaForwardRef.scala	194
https:/raw.githubusercontent.com/scala-js/v0.6.32/javalib/java/nio/charset/CoderMalfunctionError.scala	193
https:/raw.githubusercontent.com/japgolly/scalajs-react/v1.6.0/core/internal/Profunctor.scala	190
https:/raw.githubusercontent.com/scala/v2.12.10/NotImplementedError.scala	190
https:/raw.githubusercontent.com/scala/v2.12.10/collection/generic/GenericTraversableTemplate.scala	188
https:/raw.githubusercontent.com/scala-js/v0.6.32/javalib/java/nio/charset/UnsupportedCharsetException.scala	185
https:/raw.githubusercontent.com/scala/v2.12.10/collection/mutable/Seq.scala	185
https:/raw.githubusercontent.com/scalaz/scalaz/v7.2.30/core/scalaz/InvariantFunctor.scala	181
https:/raw.githubusercontent.com/scalaz/scalaz/v7.2.30/core/scalaz/State.scala	180
https:/raw.githubusercontent.com/scala-js/v0.6.32/javalanglib/java/lang/Number.scala	172
file://localhome/doeraene/projects/scalajs-java-time/java/time/temporal/UnsupportedTemporalTypeException.scala	170
https:/raw.githubusercontent.com/scalaz/scalaz/v7.2.30/core/scalaz/Enum.scala	166
https:/raw.githubusercontent.com/scala-js/v0.6.32/javalib/java/nio/ReadOnlyBufferException.scala	165
https:/raw.githubusercontent.com/scala-js/v0.6.32/javalib/java/util/concurrent/Throwables.scala	164
https:/raw.githubusercontent.com/scala-js/v0.6.32/library-aux/scala/runtime/BoxedUnit.scala	164
https:/raw.githubusercontent.com/scala/v2.12.10/collection/generic/MutableSetFactory.scala	163
https:/raw.githubusercontent.com/milessabin/shapeless/shapeless-2.3.3/core/shapeless/syntax/hlists.scala	161
https:/raw.githubusercontent.com/scala/v2.12.10/collection/generic/SortedMapFactory.scala	160
https:/raw.githubusercontent.com/scala-js/v0.6.32/javalanglib/java/lang/Boolean.scala	159
https:/raw.githubusercontent.com/scala-js/v0.6.32/javalib/java/nio/BufferUnderflowException.scala	158
https:/raw.githubusercontent.com/scala/v2.12.10/runtime/AbstractFunction2.scala	157
file:/shipreq/webapp-client-project/shipreq/webapp/client/project/app/package.scala	156
https:/raw.githubusercontent.com/scala-js/v0.6.32/javalib/java/nio/BufferOverflowException.scala	156
https:/raw.githubusercontent.com/scalaz/scalaz/v7.2.30/core/scalaz/BindRec.scala	153
https:/raw.githubusercontent.com/scalaz/scalaz/v7.2.30/core/scalaz/MonadPlus.scala	152
file:/shipreq/base-util/shipreq/base/util/package.scala	148
https:/raw.githubusercontent.com/scala/v2.12.10/Product4.scala	144
https:/raw.githubusercontent.com/scala-js/scala-js-dom/v0.9.8/org/scalajs/dom/raw/Html.scala	140
https:/raw.githubusercontent.com/scala-js/v0.6.32/javalib/java/io/OutputStream.scala	140
https:/raw.githubusercontent.com/scala/v2.12.10/Function0.scala	139
https:/raw.githubusercontent.com/scala/v2.12.10/collection/mutable/BufferLike.scala	137
https:/raw.githubusercontent.com/scala/v2.12.10/runtime/AbstractFunction3.scala	137
https:/raw.githubusercontent.com/scala/v2.12.10/runtime/AbstractFunction4.scala	137
https:/raw.githubusercontent.com/scala-js/v0.6.32/javalib/java/io/Throwables.scala	136
https:/raw.githubusercontent.com/scala/v2.12.10/runtime/AbstractFunction0.scala	136
https:/raw.githubusercontent.com/scalaz/scalaz/v7.2.30/core/scalaz/ApplicativePlus.scala	135
https:/raw.githubusercontent.com/scalaz/scalaz/v7.2.30/core/scalaz/Show.scala	134
https:/raw.githubusercontent.com/scala/v2.12.10/runtime/AbstractFunction5.scala	129
file:/shipreq/base-util/shipreq/base/util/univeq/Internal.scala	127
https:/raw.githubusercontent.com/scalaz/scalaz/v7.2.30/core/scalaz/Align.scala	126
https:/raw.githubusercontent.com/scala-js/v0.6.32/javalanglib/java/lang/Float.scala	125
https:/raw.githubusercontent.com/scala/v2.12.10/collection/generic/Subtractable.scala	124
https:/raw.githubusercontent.com/scalaz/scalaz/v7.2.30/core/scalaz/Cobind.scala	124
https:/raw.githubusercontent.com/scalaz/scalaz/v7.2.30/core/scalaz/MonadError.scala	124
https:/raw.githubusercontent.com/scala-js/v0.6.32/javalanglib/java/lang/Byte.scala	123
https:/raw.githubusercontent.com/scalaz/scalaz/v7.2.30/core/scalaz/Compose.scala	122
https:/raw.githubusercontent.com/scalaz/scalaz/v7.2.30/core/scalaz/Unzip.scala	122
https:/raw.githubusercontent.com/scalaz/scalaz/v7.2.30/core/scalaz/IsEmpty.scala	121
https:/raw.githubusercontent.com/scalaz/scalaz/v7.2.30/core/scalaz/Comonad.scala	120
https:/raw.githubusercontent.com/scala-js/v0.6.32/javalanglib/java/lang/Short.scala	119
file:/shipreq/webapp-client-project/shipreq/webapp/client/project/app/pages/content/issues/NoContent.scala	118
https:/raw.githubusercontent.com/scalaz/scalaz/v7.2.30/core/scalaz/Category.scala	118
https:/raw.githubusercontent.com/scala-js/v0.6.32/library/scala/scalajs/js/typedarray/DataViewExt.scala	115
https:/raw.githubusercontent.com/scalaz/scalaz/v7.2.30/core/scalaz/Plus.scala	115
https:/raw.githubusercontent.com/scalaz/scalaz/v7.2.30/core/scalaz/PlusEmpty.scala	115
https:/raw.githubusercontent.com/scalaz/scalaz/v7.2.30/core/scalaz/Zip.scala	113
https:/raw.githubusercontent.com/scala-js/v0.6.32/javalib/java/io/FilterOutputStream.scala	112
https:/raw.githubusercontent.com/scala/v2.12.10/Product3.scala	112
https:/raw.githubusercontent.com/scala/v2.12.10/collection/generic/ImmutableMapFactory.scala	112
https:/raw.githubusercontent.com/scala/v2.12.10/collection/generic/ImmutableSortedMapFactory.scala	112
https:/raw.githubusercontent.com/scala/v2.12.10/collection/generic/ImmutableSortedSetFactory.scala	112
https:/raw.githubusercontent.com/scala/v2.12.10/collection/generic/MapFactory.scala	112
https:/raw.githubusercontent.com/scala/v2.12.10/collection/generic/SetFactory.scala	112
https:/raw.githubusercontent.com/scala-js/v0.6.32/library/scala/scalajs/js/Dynamic.scala	110
https:/raw.githubusercontent.com/scala/v2.12.10/runtime/AbstractFunction6.scala	110
https:/raw.githubusercontent.com/scala/v2.12.10/collection/generic/SeqFactory.scala	109
https:/raw.githubusercontent.com/scalaz/scalaz/v7.2.30/core/scalaz/Choice.scala	108
https:/raw.githubusercontent.com/scalaz/scalaz/v7.2.30/core/scalaz/Divisible.scala	108
https:/raw.githubusercontent.com/scala-js/v0.6.32/scalalib/overrides/scala/math/ScalaNumber.scala	107
https:/raw.githubusercontent.com/scalaz/scalaz/v7.2.30/core/scalaz/Contravariant.scala	105
https:/raw.githubusercontent.com/scalaz/scalaz/v7.2.30/core/scalaz/Divide.scala	105
https:/raw.githubusercontent.com/scalaz/scalaz/v7.2.30/core/scalaz/Cozip.scala	104
https:/raw.githubusercontent.com/scalaz/scalaz/v7.2.30/core/scalaz/Band.scala	103
https:/raw.githubusercontent.com/scalaz/scalaz/v7.2.30/core/scalaz/Split.scala	103
https:/raw.githubusercontent.com/scala/v2.12.10/Product2.scala	95
https:/raw.githubusercontent.com/scala/v2.12.10/collection/generic/Shrinkable.scala	94
https:/raw.githubusercontent.com/japgolly/scalacss/v0.6.0/scalacss/defaults/DefaultSettings.scala	92
https:/raw.githubusercontent.com/scalaz/scalaz/v7.2.30/core/scalaz/Arrow.scala	91
https:/raw.githubusercontent.com/scalaz/scalaz/v7.2.30/core/scalaz/Optional.scala	90
https:/raw.githubusercontent.com/scala/v2.12.10/concurrent/Promise.scala	83
https:/raw.githubusercontent.com/scala/v2.12.10/concurrent/Future.scala	80
https:/raw.githubusercontent.com/scala/v2.12.10/collection/mutable/IndexedSeqLike.scala	78
https:/raw.githubusercontent.com/scala/v2.12.10/collection/SortedSetLike.scala	77
https:/raw.githubusercontent.com/scalaz/scalaz/v7.2.30/core/scalaz/SemiLattice.scala	75
https:/raw.githubusercontent.com/scala/v2.12.10/collection/mutable/SetLike.scala	74
https:/raw.githubusercontent.com/scalaz/scalaz/v7.2.30/core/scalaz/Bitraverse.scala	74
https:/raw.githubusercontent.com/scalaz/scalaz/v7.2.30/core/scalaz/ProChoice.scala	69
https:/raw.githubusercontent.com/scalaz/scalaz/v7.2.30/core/scalaz/Strong.scala	68
file://localhome/doeraene/projects/scalajs-java-time/java/time/chrono/ChronoLocalDate.scala	66
https:/raw.githubusercontent.com/scalaz/scalaz/v7.2.30/core/scalaz/Profunctor.scala	63
https:/raw.githubusercontent.com/scalaz/scalaz/v7.2.30/core/scalaz/Associative.scala	62
https:/raw.githubusercontent.com/scalaz/scalaz/v7.2.30/core/scalaz/Bifoldable.scala	62
https:/raw.githubusercontent.com/scalaz/scalaz/v7.2.30/core/scalaz/Bifunctor.scala	62
https:/raw.githubusercontent.com/scala-js/v0.6.32/library/src/main/scala-old-collections/scala/scalajs/js/Any.scala	60
https:/raw.githubusercontent.com/scala/v2.12.10/collection/GenTraversableOnce.scala	60
https:/raw.githubusercontent.com/scala/v2.12.10/collection/GenSeq.scala	56
https:/raw.githubusercontent.com/scala/v2.12.10/collection/generic/TraversableForwarder.scala	56
https:/raw.githubusercontent.com/scala/v2.12.10/util/control/ControlThrowable.scala	56
https:/raw.githubusercontent.com/scala/v2.12.10/Proxy.scala	54
https:/raw.githubusercontent.com/scala-js/v0.6.32/library/scala/scalajs/js/JSStringOps.scala	52
file:/shipreq/base-util/shipreq/base/util/VectorCase.scala	48
https:/raw.githubusercontent.com/japgolly/scalacss/v0.6.0/scalacss/defaults/Exports.scala	45
https:/raw.githubusercontent.com/japgolly/scalacss/v0.6.0/scalacss/internal/mutable/Settings.scala	45
https:/raw.githubusercontent.com/scala/v2.12.10/runtime/Nothing$.scala	42
file:/shipreq/base-util/shipreq/base/util/Impossible.scala	41
https:/raw.githubusercontent.com/japgolly/scalajs-react/v1.6.0/extra/internal/package.scala	40
https:/raw.githubusercontent.com/scala/v2.12.10/Function.scala	39
https:/raw.githubusercontent.com/scala/v2.12.10/collection/mutable/HashEntry.scala	39
file://localhome/doeraene/projects/scalajs-java-time/java/time/chrono/Chronology.scala	37
file:/shipreq/webapp-base/shipreq/webapp/base/CommmonUiText.scala	35
file:/shipreq/webapp-client-ww-api/shipreq/webapp/client/ww/api/Settings.scala	35
https:/raw.githubusercontent.com/scala/v2.12.10/collection/generic/BitOperations.scala	32
https:/raw.githubusercontent.com/scala/v2.12.10/runtime/Null$.scala	32
https:/raw.githubusercontent.com/scala-js/v0.6.32/javalib/java/util/Formattable.scala	29
https:/raw.githubusercontent.com/scala-js/v0.6.32/javalib/scala/scalajs/js/typedarray/TypedArrayBufferBridge.scala	29
https:/raw.githubusercontent.com/scala-js/v0.6.32/javalib/java/io/Closeable.scala	28
https:/raw.githubusercontent.com/scala/v2.12.10/collection/GenIterable.scala	28
https:/raw.githubusercontent.com/scala/v2.12.10/collection/GenMap.scala	28
https:/raw.githubusercontent.com/scala/v2.12.10/collection/GenSet.scala	28
https:/raw.githubusercontent.com/scala/v2.12.10/collection/SortedSet.scala	28
https:/raw.githubusercontent.com/scala/v2.12.10/Function3.scala	27
https:/raw.githubusercontent.com/scala/v2.12.10/Function4.scala	27
https:/raw.githubusercontent.com/scala/v2.12.10/Function5.scala	27
https:/raw.githubusercontent.com/scala/v2.12.10/runtime/ScalaNumberProxy.scala	25
https:/raw.githubusercontent.com/scala-js/v0.6.32/javalib/java/nio/GenTypedArrayBuffer.scala	24
https:/raw.githubusercontent.com/scala-js/v0.6.32/javalib/java/nio/charset/StandardCharsets.scala	17
https:/raw.githubusercontent.com/scala-js/v0.6.32/scalalib/overrides-2.12/scala/compat/Platform.scala	16
https:/raw.githubusercontent.com/scalaz/scalaz/v7.2.30/core/scalaz/syntax/EitherOps.scala	12
https:/raw.githubusercontent.com/suzaku-io/boopickle/v1.3.1/boopickle/DefaultByteBufferProvider.scala	12
file:/shipreq/webapp-base/shipreq/webapp/base/ClientConfig.scala	10
https:/raw.githubusercontent.com/scala-js/v0.6.32/library/scala/scalajs/js/DynamicImplicits.scala	10
https:/raw.githubusercontent.com/scala-js/v0.6.32/library/scala/scalajs/js/Dictionary.scala	8
https:/raw.githubusercontent.com/japgolly/scalacss/v0.6.0/scalacss/internal/Platform.scala	7
https:/raw.githubusercontent.com/scala/v2.12.10/collection/generic/SeqForwarder.scala	7
https:/raw.githubusercontent.com/scala-js/v0.6.32/javalanglib/java/lang/Appendable.scala	2
https:/raw.githubusercontent.com/scala/v2.12.10/collection/generic/CanBuildFrom.scala	2
https:/raw.githubusercontent.com/scala/v2.12.10/collection/generic/IterableForwarder.scala	1